1,"AMAZONAS",1,0,0,0,-16.399,-71.5364
2,"ANCASH",1,0,0,0,-16.399,-71.5364
3,"APURIMAC",1,0,0,0,-16.399,-71.5364
4,"AREQUIPA",1,0,0,0,-16.399,-71.5364
5,"AYACUCHO",1,0,0,0,-16.399,-71.5364
6,"CAJAMARCA",1,0,0,0,-16.399,-71.5364
7,"CUSCO",1,0,0,0,-16.399,-71.5364
8,"HUANCAVELICA",1,0,0,0,-16.399,-71.5364
9,"HUANUCO",1,0,0,0,-16.399,-71.5364
10,"ICA",1,0,0,0,-16.399,-71.5364
11,"JUNIN",1,0,0,0,-16.399,-71.5364
12,"LA LIBERTAD",1,0,0,0,-16.399,-71.5364
13,"LAMBAYEQUE",1,0,0,0,-16.399,-71.5364
14,"LIMA",1,0,0,0,-16.399,-71.5364
15,"LORETO",1,0,0,0,-16.399,-71.5364
16,"MADRE DE DIOS",1,0,0,0,-16.399,-71.5364
17,"MOQUEGUA",1,0,0,0,-16.399,-71.5364
18,"PASCO",1,0,0,0,-16.399,-71.5364
19,"PIURA",1,0,0,0,-16.399,-71.5364
20,"PUNO",1,0,0,0,-16.399,-71.5364
21,"SAN MARTIN",1,0,0,0,-16.399,-71.5364
22,"TACNA",1,0,0,0,-16.399,-71.5364
23,"TUMBES",1,0,0,0,-16.399,-71.5364
24,"UCAYALI",1,0,0,0,-16.399,-71.5364
25,"PROV. CONST. DEL CALLAO",1,0,0,0,-16.399,-71.5364
26,BAGUA,0,1,0,1,-16.399,-71.5364
27,BONGARA,0,1,0,1,-16.399,-71.5364
28,CHACHAPOYAS,0,1,0,1,-16.399,-71.5364
29,CONDORCANQUI,0,1,0,1,-16.399,-71.5364
30,LUYA,0,1,0,1,-16.399,-71.5364
31,"RODRIGUEZ DE MENDOZA",0,1,0,1,-16.399,-71.5364
32,UTCUBAMBA,0,1,0,1,-16.399,-71.5364
33,AIJA,0,1,0,2,-16.399,-71.5364
34,"ANTONIO RAYMONDI",0,1,0,2,-16.399,-71.5364
35,ASUNCION,0,1,0,2,-16.399,-71.5364
36,BOLOGNESI,0,1,0,2,-16.399,-71.5364
37,CARHUAZ,0,1,0,2,-16.399,-71.5364
38,"CARLOS FERMIN FITZCARRALD",0,1,0,2,-16.399,-71.5364
39,CASMA,0,1,0,2,-16.399,-71.5364
40,CORONGO,0,1,0,2,-16.399,-71.5364
41,HUARAZ,0,1,0,2,-16.399,-71.5364
42,HUARI,0,1,0,2,-16.399,-71.5364
43,HUARMEY,0,1,0,2,-16.399,-71.5364
44,HUAYLAS,0,1,0,2,-16.399,-71.5364
45,"MARISCAL LUZURIAGA",0,1,0,2,-16.399,-71.5364
46,OCROS,0,1,0,2,-16.399,-71.5364
47,PALLASCA,0,1,0,2,-16.399,-71.5364
48,POMABAMBA,0,1,0,2,-16.399,-71.5364
49,RECUAY,0,1,0,2,-16.399,-71.5364
50,SANTA,0,1,0,2,-16.399,-71.5364
51,SIHUAS,0,1,0,2,-16.399,-71.5364
52,YUNGAY,0,1,0,2,-16.399,-71.5364
53,ABANCAY,0,1,0,3,-16.399,-71.5364
54,ANDAHUAYLAS,0,1,0,3,-16.399,-71.5364
55,ANTABAMBA,0,1,0,3,-16.399,-71.5364
56,AYMARAES,0,1,0,3,-16.399,-71.5364
57,CHINCHEROS,0,1,0,3,-16.399,-71.5364
58,COTABAMBAS,0,1,0,3,-16.399,-71.5364
59,GRAU,0,1,0,3,-16.399,-71.5364
60,AREQUIPA,0,1,0,4,-16.399,-71.5364
61,CAMANA,0,1,0,4,-16.399,-71.5364
62,CARAVELI,0,1,0,4,-16.399,-71.5364
63,CASTILLA,0,1,0,4,-16.399,-71.5364
64,CAYLLOMA,0,1,0,4,-16.399,-71.5364
65,CONDESUYOS,0,1,0,4,-16.399,-71.5364
66,ISLAY,0,1,0,4,-16.399,-71.5364
67,"LA UNION",0,1,0,4,-16.399,-71.5364
68,HUAMANGA,0,1,0,5,-16.399,-71.5364
69,CANGALLO,0,1,0,5,-16.399,-71.5364
70,"HUANCA SANCOS",0,1,0,5,-16.399,-71.5364
71,HUANTA,0,1,0,5,-16.399,-71.5364
72,"LA MAR",0,1,0,5,-16.399,-71.5364
73,LUCANAS,0,1,0,5,-16.399,-71.5364
74,PARINACOCHAS,0,1,0,5,-16.399,-71.5364
75,"PAUCAR DEL SARA SARA",0,1,0,5,-16.399,-71.5364
76,SUCRE,0,1,0,5,-16.399,-71.5364
77,"VICTOR FAJARDO",0,1,0,5,-16.399,-71.5364
78,"VILCAS HUAMAN",0,1,0,5,-16.399,-71.5364
79,CAJAMARCA,0,1,0,6,-16.399,-71.5364
80,CAJABAMBA,0,1,0,6,-16.399,-71.5364
81,CELENDIN,0,1,0,6,-16.399,-71.5364
82,CHOTA,0,1,0,6,-16.399,-71.5364
83,CONTUMAZA,0,1,0,6,-16.399,-71.5364
84,CUTERVO,0,1,0,6,-16.399,-71.5364
85,HUALGAYOC,0,1,0,6,-16.399,-71.5364
86,JAEN,0,1,0,6,-16.399,-71.5364
87,"SAN IGNACIO",0,1,0,6,-16.399,-71.5364
88,"SAN MARCOS",0,1,0,6,-16.399,-71.5364
89,"SAN MIGUEL",0,1,0,6,-16.399,-71.5364
90,"SAN PABLO	",0,1,0,6,-16.399,-71.5364
91,"SANTA CRUZ	",0,1,0,6,-16.399,-71.5364
92,CUSCO,0,1,0,7,-16.399,-71.5364
93,ACOMAYO,0,1,0,7,-16.399,-71.5364
94,ANTA,0,1,0,7,-16.399,-71.5364
95,CALCA,0,1,0,7,-16.399,-71.5364
96,CANAS,0,1,0,7,-16.399,-71.5364
97,CANCHIS,0,1,0,7,-16.399,-71.5364
98,CHUMBIVILCAS,0,1,0,7,-16.399,-71.5364
99,ESPINAR,0,1,0,7,-16.399,-71.5364
100,"LA CONVENCION",0,1,0,7,-16.399,-71.5364
101,"PARURO	",0,1,0,7,-16.399,-71.5364
102,PAUCARTAMBO,0,1,0,7,-16.399,-71.5364
103,QUISPICANCHI,0,1,0,7,-16.399,-71.5364
104,URUBAMBA,0,1,0,7,-16.399,-71.5364
105,HUANCAVELICA,0,1,0,8,-16.399,-71.5364
106,ACOBAMBA,0,1,0,8,-16.399,-71.5364
107,ANGARAES,0,1,0,8,-16.399,-71.5364
108,CASTROVIRREYNA,0,1,0,8,-16.399,-71.5364
109,CHURCAMPA,0,1,0,8,-16.399,-71.5364
110,HUAYTARA,0,1,0,8,-16.399,-71.5364
111,TAYACAJA,0,1,0,8,-16.399,-71.5364
112,HUANUCO,0,1,0,9,-16.399,-71.5364
113,AMBO,0,1,0,9,-16.399,-71.5364
114,"DOS DE MAYO",0,1,0,9,-16.399,-71.5364
115,HUACAYBAMBA,0,1,0,9,-16.399,-71.5364
116,HUAMALIES,0,1,0,9,-16.399,-71.5364
117,"LEONCIO PRADO",0,1,0,9,-16.399,-71.5364
118,MARAÑON,0,1,0,9,-16.399,-71.5364
119,PACHITEA,0,1,0,9,-16.399,-71.5364
120,"PUERTO INCA",0,1,0,9,-16.399,-71.5364
121,LAURICOCHA,0,1,0,9,-16.399,-71.5364
122,YAROWILCA,0,1,0,9,-16.399,-71.5364
123,ICA,0,1,0,10,-16.399,-71.5364
124,CHINCHA,0,1,0,10,-16.399,-71.5364
125,NAZCA,0,1,0,10,-16.399,-71.5364
126,PALPA,0,1,0,10,-16.399,-71.5364
127,PISCO,0,1,0,10,-16.399,-71.5364
128,HUANCAYO,0,1,0,11,-16.399,-71.5364
129,CONCEPCION,0,1,0,11,-16.399,-71.5364
130,CHANCHAMAYO,0,1,0,11,-16.399,-71.5364
131,JAUJA,0,1,0,11,-16.399,-71.5364
132,JUNIN,0,1,0,11,-16.399,-71.5364
133,SATIPO,0,1,0,11,-16.399,-71.5364
134,TARMA,0,1,0,11,-16.399,-71.5364
135,YAULI,0,1,0,11,-16.399,-71.5364
136,CHUPACA,0,1,0,11,-16.399,-71.5364
137,TRUJILLO,0,1,0,12,-16.399,-71.5364
138,ASCOPE,0,1,0,12,-16.399,-71.5364
139,BOLIVAR,0,1,0,12,-16.399,-71.5364
140,CHEPEN,0,1,0,12,-16.399,-71.5364
141,JULCAN,0,1,0,12,-16.399,-71.5364
142,OTUZCO,0,1,0,12,-16.399,-71.5364
143,PACASMAYO,0,1,0,12,-16.399,-71.5364
144,PATAZ,0,1,0,12,-16.399,-71.5364
145,"SANCHEZ CARRION",0,1,0,12,-16.399,-71.5364
146,"SANTIAGO DE CHUCO",0,1,0,12,-16.399,-71.5364
147,"GRAN CHIMU",0,1,0,12,-16.399,-71.5364
148,VIRU,0,1,0,12,-16.399,-71.5364
149,CHICLAYO,0,1,0,13,-16.399,-71.5364
150,FERREÑAFE,0,1,0,13,-16.399,-71.5364
151,LAMBAYEQUE,0,1,0,13,-16.399,-71.5364
152,LIMA,0,1,0,14,-16.399,-71.5364
153,BARRANCA,0,1,0,14,-16.399,-71.5364
154,CAJATAMBO,0,1,0,14,-16.399,-71.5364
155,CANTA,0,1,0,14,-16.399,-71.5364
156,CAÑETE,0,1,0,14,-16.399,-71.5364
157,HUARAL,0,1,0,14,-16.399,-71.5364
158,HUAROCHIRI,0,1,0,14,-16.399,-71.5364
159,HUAURA,0,1,0,14,-16.399,-71.5364
160,OYON,0,1,0,14,-16.399,-71.5364
161,YAUYOS,0,1,0,14,-16.399,-71.5364
162,MAYNAS,0,1,0,15,-16.399,-71.5364
163,"ALTO AMAZONAS",0,1,0,15,-16.399,-71.5364
164,LORETO,0,1,0,15,-16.399,-71.5364
165,"MARISCAL RAMON CASTILLA",0,1,0,15,-16.399,-71.5364
166,REQUENA,0,1,0,15,-16.399,-71.5364
167,UCAYALI,0,1,0,15,-16.399,-71.5364
168,"DATEM DEL MARAÑON",0,1,0,15,-16.399,-71.5364
169,TAMBOPATA,0,1,0,16,-16.399,-71.5364
170,MANU,0,1,0,16,-16.399,-71.5364
171,TAHUAMANU,0,1,0,16,-16.399,-71.5364
172,"MARISCAL NIETO",0,1,0,17,-16.399,-71.5364
173,"GENERAL SANCHEZ CERRO",0,1,0,17,-16.399,-71.5364
174,ILO,0,1,0,17,-16.399,-71.5364
175,PASCO,0,1,0,18,-16.399,-71.5364
176,"DANIEL ALCIDES CARRION",0,1,0,18,-16.399,-71.5364
177,OXAPAMPA,0,1,0,18,-16.399,-71.5364
178,PIURA,0,1,0,19,-16.399,-71.5364
179,AYABACA,0,1,0,19,-16.399,-71.5364
180,HUANCABAMBA,0,1,0,19,-16.399,-71.5364
181,MORROPON,0,1,0,19,-16.399,-71.5364
182,PAITA,0,1,0,19,-16.399,-71.5364
183,SULLANA,0,1,0,19,-16.399,-71.5364
184,TALARA,0,1,0,19,-16.399,-71.5364
185,SECHURA,0,1,0,19,-16.399,-71.5364
186,PUNO,0,1,0,20,-16.399,-71.5364
187,AZANGARO,0,1,0,20,-16.399,-71.5364
188,CARABAYA,0,1,0,20,-16.399,-71.5364
189,CHUCUITO,0,1,0,20,-16.399,-71.5364
190,"EL COLLAO",0,1,0,20,-16.399,-71.5364
191,HUANCANE,0,1,0,20,-16.399,-71.5364
192,LAMPA,0,1,0,20,-16.399,-71.5364
193,MELGAR,0,1,0,20,-16.399,-71.5364
194,MOHO,0,1,0,20,-16.399,-71.5364
195,"SAN ANTONIO DE PUTINA",0,1,0,20,-16.399,-71.5364
196,"SAN ROMAN",0,1,0,20,-16.399,-71.5364
197,SANDIA,0,1,0,20,-16.399,-71.5364
198,YUNGUYO,0,1,0,20,-16.399,-71.5364
199,MOYOBAMBA,0,1,0,21,-16.399,-71.5364
200,BELLAVISTA,0,1,0,21,-16.399,-71.5364
201,"EL DORADO",0,1,0,21,-16.399,-71.5364
202,HUALLAGA,0,1,0,21,-16.399,-71.5364
203,LAMAS,0,1,0,21,-16.399,-71.5364
204,"MARISCAL CACERES",0,1,0,21,-16.399,-71.5364
205,PICOTA,0,1,0,21,-16.399,-71.5364
206,RIOJA,0,1,0,21,-16.399,-71.5364
207,"SAN MARTIN",0,1,0,21,-16.399,-71.5364
208,TOCACHE,0,1,0,21,-16.399,-71.5364
209,TACNA,0,1,0,22,-16.399,-71.5364
210,ANDARAVE,0,1,0,22,-16.399,-71.5364
211,"JORGE BASADRE",0,1,0,22,-16.399,-71.5364
212,TARATA,0,1,0,22,-16.399,-71.5364
213,TUMBES,0,1,0,23,-16.399,-71.5364
214,"CONTRALMIRANTE VILLAR",0,1,0,23,-16.399,-71.5364
215,ZARUMILLA,0,1,0,23,-16.399,-71.5364
216,"CORONEL PORTILLO",0,1,0,24,-16.399,-71.5364
217,ATALAYA,0,1,0,24,-16.399,-71.5364
218,"PADRE ABAD",0,1,0,24,-16.399,-71.5364
219,PURUS,0,1,0,24,-16.399,-71.5364
220,"PROV. CONST. DEL CALLAO",0,1,0,25,-16.399,-71.5364
221,CHACHAPOYAS,0,0,1,28,-16.399,-71.5364
222,ASUNCION,0,0,1,28,-16.399,-71.5364
223,BALSAS,0,0,1,28,-16.399,-71.5364
224,CHETO,0,0,1,28,-16.399,-71.5364
225,CHILIQUIN,0,0,1,28,-16.399,-71.5364
226,CHUQUIBAMBA,0,0,1,28,-16.399,-71.5364
227,GRANADA,0,0,1,28,-16.399,-71.5364
228,HUANCAS,0,0,1,28,-16.399,-71.5364
229,"LA JALCA",0,0,1,28,-16.399,-71.5364
230,LEIMEBAMBA,0,0,1,28,-16.399,-71.5364
231,LEVANTO,0,0,1,28,-16.399,-71.5364
232,MAGDALENA,0,0,1,28,-16.399,-71.5364
233,"MARISCAL CASTILLA",0,0,1,28,-16.399,-71.5364
234,MOLINOPAMPA,0,0,1,28,-16.399,-71.5364
235,MONTEVIDEO,0,0,1,28,-16.399,-71.5364
236,OLLEROS,0,0,1,28,-16.399,-71.5364
237,QUINJALCA,0,0,1,28,-16.399,-71.5364
238,"SAN FRANCISCO DE DAGUAS",0,0,1,28,-16.399,-71.5364
239,"SAN ISIDRO DE MAINO",0,0,1,28,-16.399,-71.5364
240,SOLOCO,0,0,1,28,-16.399,-71.5364
241,SONCHE,0,0,1,28,-16.399,-71.5364
242,BAGUA,0,0,1,26,-16.399,-71.5364
243,ARAMANGO,0,0,1,26,-16.399,-71.5364
244,COPALLIN,0,0,1,26,-16.399,-71.5364
245,"EL PARCO",0,0,1,26,-16.399,-71.5364
246,IMAZA,0,0,1,26,-16.399,-71.5364
247,"LA PECA",0,0,1,26,-16.399,-71.5364
248,JUMBILLA,0,0,1,27,-16.399,-71.5364
249,CHISQUILLA,0,0,1,27,-16.399,-71.5364
250,CHURUJA,0,0,1,27,-16.399,-71.5364
251,COROSHA,0,0,1,27,-16.399,-71.5364
252,CUISPES,0,0,1,27,-16.399,-71.5364
253,FLORIDA,0,0,1,27,-16.399,-71.5364
254,JAZAN,0,0,1,27,-16.399,-71.5364
255,RECTA,0,0,1,27,-16.399,-71.5364
256,"SAN CARLOS",0,0,1,27,-16.399,-71.5364
257,SHIPASBAMBA,0,0,1,27,-16.399,-71.5364
258,VALERA,0,0,1,27,-16.399,-71.5364
259,YAMBRASBAMBA,0,0,1,27,-16.399,-71.5364
260,NIEVA,0,0,1,29,-16.399,-71.5364
261,"EL CENEPA",0,0,1,29,-16.399,-71.5364
262,"RIO SANTIAGO",0,0,1,29,-16.399,-71.5364
263,LAMUD,0,0,1,30,-16.399,-71.5364
264,CAMPORREDONDO,0,0,1,30,-16.399,-71.5364
265,COCABAMBA,0,0,1,30,-16.399,-71.5364
266,COLCAMAR,0,0,1,30,-16.399,-71.5364
267,CONILA,0,0,1,30,-16.399,-71.5364
268,INGUILPATA,0,0,1,30,-16.399,-71.5364
269,LONGUITA,0,0,1,30,-16.399,-71.5364
270,"LONYA CHICO",0,0,1,30,-16.399,-71.5364
271,LUYA,0,0,1,30,-16.399,-71.5364
272,"LUYA VIEJO",0,0,1,30,-16.399,-71.5364
273,MARIA,0,0,1,30,-16.399,-71.5364
274,OCALLI,0,0,1,30,-16.399,-71.5364
275,OCUMAL,0,0,1,30,-16.399,-71.5364
276,PISUQUIA,0,0,1,30,-16.399,-71.5364
277,PROVIDENCIA,0,0,1,30,-16.399,-71.5364
278,"SAN CRISTOBAL",0,0,1,30,-16.399,-71.5364
279,"SAN FRANCISCO DEL YESO",0,0,1,30,-16.399,-71.5364
280,"SAN JERONIMO",0,0,1,30,-16.399,-71.5364
281,"SAN JUAN DE LOPECANCHA",0,0,1,30,-16.399,-71.5364
282,"SANTA CATALINA",0,0,1,30,-16.399,-71.5364
283,"SANTO TOMAS",0,0,1,30,-16.399,-71.5364
284,TINGO,0,0,1,30,-16.399,-71.5364
285,TRITA,0,0,1,30,-16.399,-71.5364
286,"SAN NICOLAS",0,0,1,31,-16.399,-71.5364
287,CHIRIMOTO,0,0,1,31,-16.399,-71.5364
288,COCHAMAL,0,0,1,31,-16.399,-71.5364
289,HUAMBO,0,0,1,31,-16.399,-71.5364
290,LIMABAMBA,0,0,1,31,-16.399,-71.5364
291,LONGAR,0,0,1,31,-16.399,-71.5364
292,"MARISCAL BENAVIDES",0,0,1,31,-16.399,-71.5364
293,MILPUC,0,0,1,31,-16.399,-71.5364
294,OMIA,0,0,1,31,-16.399,-71.5364
295,"SANTA ROSA",0,0,1,31,-16.399,-71.5364
296,TOTORA,0,0,1,31,-16.399,-71.5364
297,"VISTA ALEGRE",0,0,1,31,-16.399,-71.5364
298,"BAGUA GRANDE",0,0,1,32,-16.399,-71.5364
299,CAJARURO,0,0,1,32,-16.399,-71.5364
300,CUMBA,0,0,1,32,-16.399,-71.5364
301,"EL MILAGRO",0,0,1,32,-16.399,-71.5364
302,JAMALCA,0,0,1,32,-16.399,-71.5364
303,"LONYA GRANDE",0,0,1,32,-16.399,-71.5364
304,YAMON,0,0,1,32,-16.399,-71.5364
305,AIJA,0,0,1,33,-16.399,-71.5364
306,CORIS,0,0,1,33,-16.399,-71.5364
307,HUACLLAN,0,0,1,33,-16.399,-71.5364
308,"LA MERCED",0,0,1,33,-16.399,-71.5364
309,SUCCHA,0,0,1,33,-16.399,-71.5364
310,LLAMELLIN,0,0,1,34,-16.399,-71.5364
311,ACZO,0,0,1,34,-16.399,-71.5364
312,CHACCHO,0,0,1,34,-16.399,-71.5364
313,CHINGAS,0,0,1,34,-16.399,-71.5364
314,MIRGAS,0,0,1,34,-16.399,-71.5364
315,"SAN JUAN DE RONTOY",0,0,1,34,-16.399,-71.5364
316,CHACAS,0,0,1,35,-16.399,-71.5364
317,ACOCHACA,0,0,1,35,-16.399,-71.5364
318,CHIQUIAN,0,0,1,36,-16.399,-71.5364
319,"ABELARDO PARDO LEZAMETA",0,0,1,36,-16.399,-71.5364
320,"ANTONIO RAYMONDI",0,0,1,36,-16.399,-71.5364
321,AQUIA,0,0,1,36,-16.399,-71.5364
322,CAJACAY,0,0,1,36,-16.399,-71.5364
323,CANIS,0,0,1,36,-16.399,-71.5364
324,COLQUIOC,0,0,1,36,-16.399,-71.5364
325,HUALLANCA,0,0,1,36,-16.399,-71.5364
326,HUASTA,0,0,1,36,-16.399,-71.5364
327,HUAYLLACAYAN,0,0,1,36,-16.399,-71.5364
328,"LA PRIMAVERA",0,0,1,36,-16.399,-71.5364
329,MANGAS,0,0,1,36,-16.399,-71.5364
330,PACLLON,0,0,1,36,-16.399,-71.5364
331,"SAN MIGUEL DE CORPANQUI",0,0,1,36,-16.399,-71.5364
332,TICLLOS,0,0,1,36,-16.399,-71.5364
333,CARHUAZ,0,0,1,37,-16.399,-71.5364
334,ACOPAMPA,0,0,1,37,-16.399,-71.5364
335,AMASHCA,0,0,1,37,-16.399,-71.5364
336,ANTA,0,0,1,37,-16.399,-71.5364
337,ATAQUERO,0,0,1,37,-16.399,-71.5364
338,MARCARA,0,0,1,37,-16.399,-71.5364
339,PARIAHUANCA,0,0,1,37,-16.399,-71.5364
340,"SAN MIGUEL DE ACO",0,0,1,37,-16.399,-71.5364
341,SHILLA,0,0,1,37,-16.399,-71.5364
342,TINCO,0,0,1,37,-16.399,-71.5364
343,YUNGAR,0,0,1,37,-16.399,-71.5364
344,"SAN LUIS",0,0,1,38,-16.399,-71.5364
345,"SAN NICOLAS",0,0,1,38,-16.399,-71.5364
346,YAUYA,0,0,1,38,-16.399,-71.5364
347,CASMA,0,0,1,39,-16.399,-71.5364
348,"BUENA VISTA ALTA",0,0,1,39,-16.399,-71.5364
349,"COMANDANTE NOEL",0,0,1,39,-16.399,-71.5364
350,YAUTAN,0,0,1,39,-16.399,-71.5364
351,CORONGO,0,0,1,40,-16.399,-71.5364
352,ACO,0,0,1,40,-16.399,-71.5364
353,BAMBAS,0,0,1,40,-16.399,-71.5364
354,CUSCA,0,0,1,40,-16.399,-71.5364
355,"LA PAMPA",0,0,1,40,-16.399,-71.5364
356,YANAC,0,0,1,40,-16.399,-71.5364
357,YUPAN,0,0,1,40,-16.399,-71.5364
358,HUARAZ,0,0,1,41,-16.399,-71.5364
359,COCHABAMBA,0,0,1,41,-16.399,-71.5364
360,COLCABAMBA,0,0,1,41,-16.399,-71.5364
361,HUANCHAY,0,0,1,41,-16.399,-71.5364
362,INDEPENDENCIA,0,0,1,41,-16.399,-71.5364
363,JANGAS,0,0,1,41,-16.399,-71.5364
364,"LA LIBERTAD",0,0,1,41,-16.399,-71.5364
365,OLLEROS,0,0,1,41,-16.399,-71.5364
366,PAMPAS,0,0,1,41,-16.399,-71.5364
367,PARIACOTO,0,0,1,41,-16.399,-71.5364
368,PIRA,0,0,1,41,-16.399,-71.5364
369,TARICA,0,0,1,41,-16.399,-71.5364
370,HUARMEY,0,0,1,43,-16.399,-71.5364
371,COCHAPETI,0,0,1,43,-16.399,-71.5364
372,CULEBRAS,0,0,1,43,-16.399,-71.5364
373,HUAYAN,0,0,1,43,-16.399,-71.5364
374,MALVAS,0,0,1,43,-16.399,-71.5364
375,CARAZ,0,0,1,44,-16.399,-71.5364
376,HUALLANCA,0,0,1,44,-16.399,-71.5364
377,HUATA,0,0,1,44,-16.399,-71.5364
378,HUAYLAS,0,0,1,44,-16.399,-71.5364
379,MATO,0,0,1,44,-16.399,-71.5364
380,PAMPAROMAS,0,0,1,44,-16.399,-71.5364
381,"PUEBLO LIBRE",0,0,1,44,-16.399,-71.5364
382,"SANTA CRUZ",0,0,1,44,-16.399,-71.5364
383,"SANTO TORIBIO",0,0,1,44,-16.399,-71.5364
384,YURACMARCA,0,0,1,44,-16.399,-71.5364
385,PISCOBAMBA,0,0,1,44,-16.399,-71.5364
386,CASCA,0,0,1,45,-16.399,-71.5364
387,"ELEAZAR GUZMAN BARRON",0,0,1,45,-16.399,-71.5364
388,"FIDEL OLIVAS ESCUDERO",0,0,1,45,-16.399,-71.5364
389,LLAMA,0,0,1,45,-16.399,-71.5364
390,LLUMPA,0,0,1,45,-16.399,-71.5364
391,LUCMA,0,0,1,45,-16.399,-71.5364
392,MUSGA,0,0,1,45,-16.399,-71.5364
393,OCROS,0,0,1,46,-16.399,-71.5364
394,ACAS,0,0,1,46,-16.399,-71.5364
395,CAJAMARQUILLA,0,0,1,46,-16.399,-71.5364
396,CARHUAPAMPA,0,0,1,46,-16.399,-71.5364
397,COCHAS,0,0,1,46,-16.399,-71.5364
398,CONGAS,0,0,1,46,-16.399,-71.5364
399,LLIPA,0,0,1,46,-16.399,-71.5364
400,"SAN CRISTOBAL DE RAJAN",0,0,1,46,-16.399,-71.5364
401,"SAN PEDRO",0,0,1,46,-16.399,-71.5364
402,"SANTIAGO DE CHILCAS",0,0,1,46,-16.399,-71.5364
403,CABANA,0,0,1,47,-16.399,-71.5364
404,BOLOGNESI,0,0,1,47,-16.399,-71.5364
405,CONCHUCOS,0,0,1,47,-16.399,-71.5364
406,HUACASCHUQUE,0,0,1,47,-16.399,-71.5364
407,HUANDOVAL,0,0,1,47,-16.399,-71.5364
408,LACABAMBA,0,0,1,47,-16.399,-71.5364
409,LLAPO,0,0,1,47,-16.399,-71.5364
410,PALLASCA,0,0,1,47,-16.399,-71.5364
411,PAMPAS,0,0,1,47,-16.399,-71.5364
412,"SANTA ROSA",0,0,1,47,-16.399,-71.5364
413,TAUCA,0,0,1,47,-16.399,-71.5364
414,POMABAMBA,0,0,1,48,-16.399,-71.5364
415,HUAYLLAN,0,0,1,48,-16.399,-71.5364
416,PAROBAMBA,0,0,1,48,-16.399,-71.5364
417,QUINUABAMBA,0,0,1,48,-16.399,-71.5364
418,RECUAY,0,0,1,49,-16.399,-71.5364
419,CATAC,0,0,1,49,-16.399,-71.5364
420,COTAPARACO,0,0,1,49,-16.399,-71.5364
421,HUAYLLAPAMPA,0,0,1,49,-16.399,-71.5364
422,LLACLLIN,0,0,1,49,-16.399,-71.5364
423,MARCA,0,0,1,49,-16.399,-71.5364
424,"PAMPAS CHICO",0,0,1,49,-16.399,-71.5364
425,PARARIN,0,0,1,49,-16.399,-71.5364
426,TAPACOCHA,0,0,1,49,-16.399,-71.5364
427,TICAPAMPA,0,0,1,49,-16.399,-71.5364
428,CHIMBOTE,0,0,1,50,-16.399,-71.5364
429,"CACERES DEL PERU",0,0,1,50,-16.399,-71.5364
430,COISHCO,0,0,1,50,-16.399,-71.5364
431,MACATE,0,0,1,50,-16.399,-71.5364
432,MORO,0,0,1,50,-16.399,-71.5364
433,NEPEÑA,0,0,1,50,-16.399,-71.5364
434,SAMANCO,0,0,1,50,-16.399,-71.5364
435,SANTA,0,0,1,50,-16.399,-71.5364
436,"NUEVO CHIMBOTE",0,0,1,50,-16.399,-71.5364
437,SIHUAS,0,0,1,51,-16.399,-71.5364
438,ACOBAMBA,0,0,1,51,-16.399,-71.5364
439,"ALFONSO UGARTE",0,0,1,51,-16.399,-71.5364
440,CASHAPAMPA,0,0,1,51,-16.399,-71.5364
441,CHINGALPO,0,0,1,51,-16.399,-71.5364
442,HUAYLLABAMBA,0,0,1,51,-16.399,-71.5364
443,QUICHES,0,0,1,51,-16.399,-71.5364
444,RAGASH,0,0,1,51,-16.399,-71.5364
445,"SAN JUAN",0,0,1,51,-16.399,-71.5364
446,SICSIBAMBA,0,0,1,51,-16.399,-71.5364
447,YUNGAY,0,0,1,52,-16.399,-71.5364
448,CASCAPARA,0,0,1,52,-16.399,-71.5364
449,MANCOS,0,0,1,52,-16.399,-71.5364
450,MATACOTO,0,0,1,52,-16.399,-71.5364
451,QUILLO,0,0,1,52,-16.399,-71.5364
452,RANRAHIRCA,0,0,1,52,-16.399,-71.5364
453,SHUPLUY,0,0,1,52,-16.399,-71.5364
454,YANAMA,0,0,1,52,-16.399,-71.5364
455,ANRA,0,0,1,42,-16.399,-71.5364
456,CAJAY,0,0,1,42,-16.399,-71.5364
457,"CHAVIN DE HUANTAR",0,0,1,42,-16.399,-71.5364
458,HUACACHI,0,0,1,42,-16.399,-71.5364
459,HUACCHIS,0,0,1,42,-16.399,-71.5364
460,HUACHIS,0,0,1,42,-16.399,-71.5364
461,HUANTAR,0,0,1,42,-16.399,-71.5364
462,HUARI,0,0,1,42,-16.399,-71.5364
463,MASIN,0,0,1,42,-16.399,-71.5364
464,PAUCAS,0,0,1,42,-16.399,-71.5364
465,PONTO,0,0,1,42,-16.399,-71.5364
466,RAHUAPAMPA,0,0,1,42,-16.399,-71.5364
467,RAPAYAN,0,0,1,42,-16.399,-71.5364
468,"SAN MARCOS",0,0,1,42,-16.399,-71.5364
469,"SAN PEDRO DE CHANA",0,0,1,42,-16.399,-71.5364
470,UCO,0,0,1,42,-16.399,-71.5364
471,PISCOBAMBA,0,0,1,45,-16.399,-71.5364
472,ABANCAY,0,0,1,53,-16.399,-71.5364
473,CHACOCHE,0,0,1,53,-16.399,-71.5364
474,CIRCA,0,0,1,53,-16.399,-71.5364
475,CURAHUASI,0,0,1,53,-16.399,-71.5364
476,HUANIPACA,0,0,1,53,-16.399,-71.5364
477,LAMBRAMA,0,0,1,53,-16.399,-71.5364
478,PICHIRHUA,0,0,1,53,-16.399,-71.5364
479,"SAN PEDRO DE CACHORA",0,0,1,53,-16.399,-71.5364
480,TAMBURCO,0,0,1,53,-16.399,-71.5364
481,ANDAHUAYLAS,0,0,1,54,-16.399,-71.5364
482,ANDARAPA,0,0,1,54,-16.399,-71.5364
483,CHIARA,0,0,1,54,-16.399,-71.5364
484,HUANCARAMA,0,0,1,54,-16.399,-71.5364
485,HUANCARAY,0,0,1,54,-16.399,-71.5364
486,HUAYANA,0,0,1,54,-16.399,-71.5364
487,KISHUARA,0,0,1,54,-16.399,-71.5364
488,PACOBAMBA,0,0,1,54,-16.399,-71.5364
489,PACUCHA,0,0,1,54,-16.399,-71.5364
490,PAMPACHIRI,0,0,1,54,-16.399,-71.5364
491,POMACOCHA,0,0,1,54,-16.399,-71.5364
492,"SAN ANTONIO DE CACHI",0,0,1,54,-16.399,-71.5364
493,"SAN JERONIMO",0,0,1,54,-16.399,-71.5364
494,"SAN MIGUEL DE CHACCRAMPA",0,0,1,54,-16.399,-71.5364
495,"SANTA MARIA DE CHICMO",0,0,1,54,-16.399,-71.5364
496,TALAVERA,0,0,1,54,-16.399,-71.5364
497,"TUMAY HUARACA",0,0,1,54,-16.399,-71.5364
498,TURPO,0,0,1,54,-16.399,-71.5364
499,KAQUIABAMBA,0,0,1,54,-16.399,-71.5364
500,ANTABAMBA,0,0,1,55,-16.399,-71.5364
501,"EL ORO",0,0,1,55,-16.399,-71.5364
502,HUAQUIRCA,0,0,1,55,-16.399,-71.5364
503,"JUAN ESPINOZA MEDRANO",0,0,1,55,-16.399,-71.5364
504,OROPESA,0,0,1,55,-16.399,-71.5364
505,PACHACONAS,0,0,1,55,-16.399,-71.5364
506,SABAINO,0,0,1,55,-16.399,-71.5364
507,CHALHUANCA,0,0,1,56,-16.399,-71.5364
508,CAPAYA,0,0,1,56,-16.399,-71.5364
509,CARAYBAMBA,0,0,1,56,-16.399,-71.5364
510,CHAPIMARCA,0,0,1,56,-16.399,-71.5364
511,COLCABAMBA,0,0,1,56,-16.399,-71.5364
512,COTARUSE,0,0,1,56,-16.399,-71.5364
513,HUAYLLO,0,0,1,56,-16.399,-71.5364
514,"JUSTO APU SAHUARAURA",0,0,1,56,-16.399,-71.5364
515,LUCRE,0,0,1,56,-16.399,-71.5364
516,POCOHUANCA,0,0,1,56,-16.399,-71.5364
517,"SAN JUAN DE CHACÑA",0,0,1,56,-16.399,-71.5364
518,SAÑAYCA,0,0,1,56,-16.399,-71.5364
519,SORAYA,0,0,1,56,-16.399,-71.5364
520,TAPAIRIHUA,0,0,1,56,-16.399,-71.5364
521,TINTAY,0,0,1,56,-16.399,-71.5364
522,TORAYA,0,0,1,56,-16.399,-71.5364
523,YANACA,0,0,1,56,-16.399,-71.5364
524,TAMBOBAMBA,0,0,1,57,-16.399,-71.5364
525,COTABAMBAS,0,0,1,57,-16.399,-71.5364
526,COYLLURQUI,0,0,1,57,-16.399,-71.5364
527,HAQUIRA,0,0,1,57,-16.399,-71.5364
528,MARA,0,0,1,57,-16.399,-71.5364
529,CHALLHUAHUACHO,0,0,1,57,-16.399,-71.5364
530,CHINCHEROS,0,0,1,58,-16.399,-71.5364
531,ANCO-HUALLO,0,0,1,58,-16.399,-71.5364
532,COCHARCAS,0,0,1,58,-16.399,-71.5364
533,HUACCANA,0,0,1,58,-16.399,-71.5364
534,OCOBAMBA,0,0,1,58,-16.399,-71.5364
535,ONGOY,0,0,1,58,-16.399,-71.5364
536,URANMARCA,0,0,1,58,-16.399,-71.5364
537,RANRACANCHA,0,0,1,58,-16.399,-71.5364
538,CHUQUIBAMBILLA,0,0,1,59,-16.399,-71.5364
539,CURPAHUASI,0,0,1,59,-16.399,-71.5364
540,GAMARRA,0,0,1,59,-16.399,-71.5364
541,HUAYLLATI,0,0,1,59,-16.399,-71.5364
542,MAMARA,0,0,1,59,-16.399,-71.5364
543,"MICAELA BASTIDAS",0,0,1,59,-16.399,-71.5364
544,PATAYPAMPA,0,0,1,59,-16.399,-71.5364
545,PROGRESO,0,0,1,59,-16.399,-71.5364
546,"SAN ANTONIO",0,0,1,59,-16.399,-71.5364
547,"SANTA ROSA",0,0,1,59,-16.399,-71.5364
548,TURPAY,0,0,1,59,-16.399,-71.5364
549,VILCABAMBA,0,0,1,59,-16.399,-71.5364
550,VIRUNDO,0,0,1,59,-16.399,-71.5364
551,CURASCO,0,0,1,59,-16.399,-71.5364
552,AREQUIPA,0,0,1,60,-16.399,-71.5364
553,"ALTO SELVA ALEGRE",0,0,1,60,-16.399,-71.5364
554,CAYMA,0,0,1,60,-16.399,-71.5364
555,"CERRO COLORADO",0,0,1,60,-16.399,-71.5364
556,CHARACATO,0,0,1,60,-16.399,-71.5364
557,CHIGUATA,0,0,1,60,-16.399,-71.5364
558,"JACOBO HUNTER",0,0,1,60,-16.399,-71.5364
559,"LA JOYA",0,0,1,60,-16.399,-71.5364
560,"MARIANO MELGAR",0,0,1,60,-16.399,-71.5364
561,MIRAFLORES,0,0,1,60,-16.399,-71.5364
562,MOLLEBAYA,0,0,1,60,-16.399,-71.5364
563,PAUCARPATA,0,0,1,60,-16.399,-71.5364
564,POCSI,0,0,1,60,-16.399,-71.5364
565,POLOBAYA,0,0,1,60,-16.399,-71.5364
566,QUEQUEÑA,0,0,1,60,-16.399,-71.5364
567,SABANDIA,0,0,1,60,-16.399,-71.5364
568,SACHACA,0,0,1,60,-16.399,-71.5364
569,"SAN JUAN DE SIGUAS",0,0,1,60,-16.399,-71.5364
570,"SAN JUAN DE TARUCANI",0,0,1,60,-16.399,-71.5364
571,"SANTA ISABEL DE SIGUAS",0,0,1,60,-16.399,-71.5364
572,"SANTA RITA DE SIGUAS",0,0,1,60,-16.399,-71.5364
573,SOCABAYA,0,0,1,60,-16.399,-71.5364
574,TIABAYA,0,0,1,60,-16.399,-71.5364
575,UCHUMAYO,0,0,1,60,-16.399,-71.5364
576,"VITOR ",0,0,1,60,-16.399,-71.5364
577,YANAHUARA,0,0,1,60,-16.399,-71.5364
578,YARABAMBA,0,0,1,60,-16.399,-71.5364
579,YURA,0,0,1,60,-16.399,-71.5364
580,"JOSE LUIS BUSTAMANTE Y RIVERO",0,0,1,60,-16.399,-71.5364
581,"CAMANA	",0,0,1,61,-16.399,-71.5364
582,"JOSE MARIA QUIMPER",0,0,1,61,-16.399,-71.5364
583,"MARIANO NICOLAS VALCARCEL",0,0,1,61,-16.399,-71.5364
584,"MARISCAL CACERES",0,0,1,61,-16.399,-71.5364
585,"NICOLAS DE PIEROLA",0,0,1,61,-16.399,-71.5364
586,OCOÑA,0,0,1,61,-16.399,-71.5364
587,QUILCA,0,0,1,61,-16.399,-71.5364
588,"SAMUEL PASTOR",0,0,1,61,-16.399,-71.5364
589,CARAVELI,0,0,1,62,-16.399,-71.5364
590,ACARI,0,0,1,62,-16.399,-71.5364
591,ATICO,0,0,1,62,-16.399,-71.5364
592,ATIQUIPA,0,0,1,62,-16.399,-71.5364
593,"BELLA UNION",0,0,1,62,-16.399,-71.5364
594,CAHUACHO,0,0,1,62,-16.399,-71.5364
595,CHALA,0,0,1,62,-16.399,-71.5364
596,CHAPARRA,0,0,1,62,-16.399,-71.5364
597,HUANUHUANU,0,0,1,62,-16.399,-71.5364
598,JAQUI,0,0,1,62,-16.399,-71.5364
599,LOMAS,0,0,1,62,-16.399,-71.5364
600,QUICACHA,0,0,1,62,-16.399,-71.5364
601,YAUCA,0,0,1,62,-16.399,-71.5364
602,APLAO,0,0,1,63,-16.399,-71.5364
603,ANDAGUA,0,0,1,63,-16.399,-71.5364
604,AYO,0,0,1,63,-16.399,-71.5364
605,CHACHAS,0,0,1,63,-16.399,-71.5364
606,CHILCAYMARCA,0,0,1,63,-16.399,-71.5364
607,CHOCO,0,0,1,63,-16.399,-71.5364
608,HUANCARQUI,0,0,1,63,-16.399,-71.5364
609,MACHAGUAY,0,0,1,63,-16.399,-71.5364
610,ORCOPAMPA,0,0,1,63,-16.399,-71.5364
611,PAMPACOLCA,0,0,1,63,-16.399,-71.5364
612,TIPAN,0,0,1,63,-16.399,-71.5364
613,UÑON,0,0,1,63,-16.399,-71.5364
614,URACA,0,0,1,63,-16.399,-71.5364
615,VIRACO,0,0,1,63,-16.399,-71.5364
616,CHIVAY,0,0,1,64,-16.399,-71.5364
617,ACHOMA,0,0,1,64,-16.399,-71.5364
618,CABANACONDE,0,0,1,64,-16.399,-71.5364
619,CALLALLI,0,0,1,64,-16.399,-71.5364
620,CAYLLOMA,0,0,1,64,-16.399,-71.5364
621,COPORAQUE,0,0,1,64,-16.399,-71.5364
622,HUAMBO,0,0,1,64,-16.399,-71.5364
623,HUANCA,0,0,1,64,-16.399,-71.5364
624,ICHUPAMPA,0,0,1,64,-16.399,-71.5364
625,LARI,0,0,1,64,-16.399,-71.5364
626,LLUTA,0,0,1,64,-16.399,-71.5364
627,MACA,0,0,1,64,-16.399,-71.5364
628,MADRIGAL,0,0,1,64,-16.399,-71.5364
629,"SAN ANTONIO DE CHUCA",0,0,1,64,-16.399,-71.5364
630,SIBAYO,0,0,1,64,-16.399,-71.5364
631,TAPAY,0,0,1,64,-16.399,-71.5364
632,TISCO,0,0,1,64,-16.399,-71.5364
633,TUTI,0,0,1,64,-16.399,-71.5364
634,YANQUE,0,0,1,64,-16.399,-71.5364
635,MAJES,0,0,1,64,-16.399,-71.5364
636,CHUQUIBAMBA,0,0,1,65,-16.399,-71.5364
637,ANDARAY,0,0,1,65,-16.399,-71.5364
638,CAYARANI,0,0,1,65,-16.399,-71.5364
639,CHICHAS,0,0,1,65,-16.399,-71.5364
640,IRAY,0,0,1,65,-16.399,-71.5364
641,"RIO GRANDE",0,0,1,65,-16.399,-71.5364
642,SALAMANCA,0,0,1,65,-16.399,-71.5364
643,YANAQUIHUA,0,0,1,65,-16.399,-71.5364
644,MOLLENDO,0,0,1,66,-16.399,-71.5364
645,COCACHACRA,0,0,1,66,-16.399,-71.5364
646,"DEAN VALDIVIA",0,0,1,66,-16.399,-71.5364
647,ISLAY,0,0,1,66,-16.399,-71.5364
648,MEJIA,0,0,1,66,-16.399,-71.5364
649,"PUNTA DE BOMBON",0,0,1,66,-16.399,-71.5364
650,COTAHUASI,0,0,1,67,-16.399,-71.5364
651,ALCA,0,0,1,67,-16.399,-71.5364
652,CHARCANA,0,0,1,67,-16.399,-71.5364
653,HUAYNACOTAS,0,0,1,67,-16.399,-71.5364
654,PAMPAMARCA,0,0,1,67,-16.399,-71.5364
655,PUYCA,0,0,1,67,-16.399,-71.5364
656,QUECHUALLA,0,0,1,67,-16.399,-71.5364
657,SAYLA,0,0,1,67,-16.399,-71.5364
658,TAURIA,0,0,1,67,-16.399,-71.5364
659,TOMEPAMPA,0,0,1,67,-16.399,-71.5364
660,TORO,0,0,1,67,-16.399,-71.5364
661,AYACUCHO,0,0,1,68,-16.399,-71.5364
662,ACOCRO,0,0,1,68,-16.399,-71.5364
663,"ACOS VINCHOS",0,0,1,68,-16.399,-71.5364
664,"CARMEN ALTO",0,0,1,68,-16.399,-71.5364
665,CHIARA,0,0,1,68,-16.399,-71.5364
666,OCROS,0,0,1,68,-16.399,-71.5364
667,PACAYCASA,0,0,1,68,-16.399,-71.5364
668,QUINUA,0,0,1,68,-16.399,-71.5364
669,"SAN JOSE DE TICLLAS",0,0,1,68,-16.399,-71.5364
670,"SAN JUAN BAUTISTA",0,0,1,68,-16.399,-71.5364
671,"SANTIAGO DE PISCHA",0,0,1,68,-16.399,-71.5364
672,SOCOS,0,0,1,68,-16.399,-71.5364
673,TAMBILLO,0,0,1,68,-16.399,-71.5364
674,VINCHOS,0,0,1,68,-16.399,-71.5364
675,"JESUS NAZARENO",0,0,1,68,-16.399,-71.5364
676,CANGALLO,0,0,1,69,-16.399,-71.5364
677,CHUSCHI,0,0,1,69,-16.399,-71.5364
678,"LOS MOROCHUCOS",0,0,1,69,-16.399,-71.5364
679,"MARIA PARADO DE BELLIDO",0,0,1,69,-16.399,-71.5364
680,PARAS,0,0,1,69,-16.399,-71.5364
681,TOTOS,0,0,1,69,-16.399,-71.5364
682,SANCOS,0,0,1,70,-16.399,-71.5364
683,CARAPO,0,0,1,70,-16.399,-71.5364
684,SACSAMARCA,0,0,1,70,-16.399,-71.5364
685,"SANTIAGO DE LUCANAMARCA",0,0,1,70,-16.399,-71.5364
686,HUANTA,0,0,1,71,-16.399,-71.5364
687,AYAHUANCO,0,0,1,71,-16.399,-71.5364
688,HUAMANGUILLA,0,0,1,71,-16.399,-71.5364
689,IGUAIN,0,0,1,71,-16.399,-71.5364
690,LURICOCHA,0,0,1,71,-16.399,-71.5364
691,SANTILLANA,0,0,1,71,-16.399,-71.5364
692,SIVIA,0,0,1,71,-16.399,-71.5364
693,LLOCHEGUA,0,0,1,71,-16.399,-71.5364
694,"SAN MIGUEL",0,0,1,72,-16.399,-71.5364
695,ANCO,0,0,1,72,-16.399,-71.5364
696,AYNA,0,0,1,72,-16.399,-71.5364
697,CHILCAS,0,0,1,72,-16.399,-71.5364
698,CHUNGUI,0,0,1,72,-16.399,-71.5364
699,"LUIS CARRANZA",0,0,1,72,-16.399,-71.5364
700,"SANTA ROSA",0,0,1,72,-16.399,-71.5364
701,TAMBO,0,0,1,72,-16.399,-71.5364
702,PUQUIO,0,0,1,73,-16.399,-71.5364
703,AUCARA,0,0,1,73,-16.399,-71.5364
704,CABANA,0,0,1,73,-16.399,-71.5364
705,"CARMEN SALCEDO",0,0,1,73,-16.399,-71.5364
706,CHAVIÑA,0,0,1,73,-16.399,-71.5364
707,CHIPAO,0,0,1,73,-16.399,-71.5364
708,HUAC-HUAS,0,0,1,73,-16.399,-71.5364
709,LARAMATE,0,0,1,73,-16.399,-71.5364
710,"LEONCIO PRADO",0,0,1,73,-16.399,-71.5364
711,LLAUTA,0,0,1,73,-16.399,-71.5364
712,LUCANAS,0,0,1,73,-16.399,-71.5364
713,OCAÑA,0,0,1,73,-16.399,-71.5364
714,OTOCA,0,0,1,73,-16.399,-71.5364
715,SAISA,0,0,1,73,-16.399,-71.5364
716,"SAN CRISTOBAL",0,0,1,73,-16.399,-71.5364
717,"SAN JUAN",0,0,1,73,-16.399,-71.5364
718,"SAN PEDRO",0,0,1,73,-16.399,-71.5364
719,"SAN PEDRO DE PALCO",0,0,1,73,-16.399,-71.5364
720,SANCOS,0,0,1,73,-16.399,-71.5364
721,"SANTA ANA DE HUAYCAHUACHO",0,0,1,73,-16.399,-71.5364
722,"SANTA LUCIA",0,0,1,73,-16.399,-71.5364
723,CORACORA,0,0,1,74,-16.399,-71.5364
724,CHUMPI,0,0,1,74,-16.399,-71.5364
725,"CORONEL CASTAÑEDA",0,0,1,74,-16.399,-71.5364
726,PACAPAUSA,0,0,1,74,-16.399,-71.5364
727,PULLO,0,0,1,74,-16.399,-71.5364
728,PUYUSCA,0,0,1,74,-16.399,-71.5364
729,"SAN FRANCISCO DE RAVACAYCO",0,0,1,74,-16.399,-71.5364
730,UPAHUACHO,0,0,1,74,-16.399,-71.5364
731,PAUSA,0,0,1,75,-16.399,-71.5364
732,COLTA,0,0,1,75,-16.399,-71.5364
733,CORCULLA,0,0,1,75,-16.399,-71.5364
734,LAMPA,0,0,1,75,-16.399,-71.5364
735,MARCABAMBA,0,0,1,75,-16.399,-71.5364
736,OYOLO,0,0,1,75,-16.399,-71.5364
737,PARARCA,0,0,1,75,-16.399,-71.5364
738,"SAN JAVIER DE ALPABAMBA",0,0,1,75,-16.399,-71.5364
739,"SAN JOSE DE USHUA",0,0,1,75,-16.399,-71.5364
740,"SARA SARA",0,0,1,75,-16.399,-71.5364
741,QUEROBAMBA,0,0,1,76,-16.399,-71.5364
742,BELEN,0,0,1,76,-16.399,-71.5364
743,CHALCOS,0,0,1,76,-16.399,-71.5364
744,CHILCAYOC,0,0,1,76,-16.399,-71.5364
745,HUACAÑA,0,0,1,76,-16.399,-71.5364
746,MORCOLLA,0,0,1,76,-16.399,-71.5364
747,PAICO,0,0,1,76,-16.399,-71.5364
748,"SAN PEDRO DE LARCAY",0,0,1,76,-16.399,-71.5364
749,"SAN SALVADOR DE QUIJE",0,0,1,76,-16.399,-71.5364
750,"SANTIAGO DE PAUCARAY",0,0,1,76,-16.399,-71.5364
751,SORAS,0,0,1,76,-16.399,-71.5364
752,HUANCAPI,0,0,1,77,-16.399,-71.5364
753,ALCAMENCA,0,0,1,77,-16.399,-71.5364
754,APONGO,0,0,1,77,-16.399,-71.5364
755,ASQUIPATA,0,0,1,77,-16.399,-71.5364
756,CANARIA,0,0,1,77,-16.399,-71.5364
757,CAYARA,0,0,1,77,-16.399,-71.5364
758,COLCA,0,0,1,77,-16.399,-71.5364
759,HUAMANQUIQUIA,0,0,1,77,-16.399,-71.5364
760,HUANCARAYLLA,0,0,1,77,-16.399,-71.5364
761,HUAYA,0,0,1,77,-16.399,-71.5364
762,SARHUA,0,0,1,77,-16.399,-71.5364
763,VILCANCHOS,0,0,1,77,-16.399,-71.5364
764,"VILCAS HUAMAN",0,0,1,78,-16.399,-71.5364
765,ACCOMARCA,0,0,1,78,-16.399,-71.5364
766,CARHUANCA,0,0,1,78,-16.399,-71.5364
767,CONCEPCION,0,0,1,78,-16.399,-71.5364
768,HUAMBALPA,0,0,1,78,-16.399,-71.5364
769,INDEPENDENCIA,0,0,1,78,-16.399,-71.5364
770,SAURAMA,0,0,1,78,-16.399,-71.5364
771,VISCHONGO,0,0,1,78,-16.399,-71.5364
772,CAJAMARCA,0,0,1,79,-16.399,-71.5364
773,ASUNCION,0,0,1,79,-16.399,-71.5364
774,CHETILLA,0,0,1,79,-16.399,-71.5364
775,COSPAN,0,0,1,79,-16.399,-71.5364
776,ENCAÑADA,0,0,1,79,-16.399,-71.5364
777,JESUS,0,0,1,79,-16.399,-71.5364
778,LLACANORA,0,0,1,79,-16.399,-71.5364
779,"LOS BAÑOS DEL INCA",0,0,1,79,-16.399,-71.5364
780,MAGDALENA,0,0,1,79,-16.399,-71.5364
781,MATARA,0,0,1,79,-16.399,-71.5364
782,NAMORA,0,0,1,79,-16.399,-71.5364
783,"SAN JUAN",0,0,1,79,-16.399,-71.5364
784,CAJABAMBA,0,0,1,80,-16.399,-71.5364
785,CACHACHI,0,0,1,80,-16.399,-71.5364
786,CONDEBAMBA,0,0,1,80,-16.399,-71.5364
787,SITACOCHA,0,0,1,80,-16.399,-71.5364
788,CELENDIN,0,0,1,81,-16.399,-71.5364
789,CHUMUCH,0,0,1,81,-16.399,-71.5364
790,CORTEGANA,0,0,1,81,-16.399,-71.5364
791,HUASMIN,0,0,1,81,-16.399,-71.5364
792,"JORGE CHAVEZ",0,0,1,81,-16.399,-71.5364
793,"JOSE GALVEZ",0,0,1,81,-16.399,-71.5364
794,"MIGUEL IGLESIAS",0,0,1,81,-16.399,-71.5364
795,OXAMARCA,0,0,1,81,-16.399,-71.5364
796,SOROCHUCO,0,0,1,81,-16.399,-71.5364
797,SUCRE,0,0,1,81,-16.399,-71.5364
798,UTCO,0,0,1,81,-16.399,-71.5364
799,"LA LIBERTAD DE PALLAN",0,0,1,81,-16.399,-71.5364
800,CHOTA,0,0,1,82,-16.399,-71.5364
801,ANGUIA,0,0,1,82,-16.399,-71.5364
802,CHADIN,0,0,1,82,-16.399,-71.5364
803,CHIGUIRIP,0,0,1,82,-16.399,-71.5364
804,CHIMBAN,0,0,1,82,-16.399,-71.5364
805,CHOROPAMPA,0,0,1,82,-16.399,-71.5364
806,COCHABAMBA,0,0,1,82,-16.399,-71.5364
807,CONCHAN,0,0,1,82,-16.399,-71.5364
808,HUAMBOS,0,0,1,82,-16.399,-71.5364
809,LAJAS,0,0,1,82,-16.399,-71.5364
810,LLAMA,0,0,1,82,-16.399,-71.5364
811,MIRACOSTA,0,0,1,82,-16.399,-71.5364
812,PACCHA,0,0,1,82,-16.399,-71.5364
813,PION,0,0,1,82,-16.399,-71.5364
814,QUEROCOTO,0,0,1,82,-16.399,-71.5364
815,"SAN JUAN DE LICUPIS",0,0,1,82,-16.399,-71.5364
816,TACABAMBA,0,0,1,82,-16.399,-71.5364
817,TOCMOCHE,0,0,1,82,-16.399,-71.5364
818,CHALAMARCA,0,0,1,82,-16.399,-71.5364
819,CONTUMAZA,0,0,1,83,-16.399,-71.5364
820,CHILETE,0,0,1,83,-16.399,-71.5364
821,CUPISNIQUE,0,0,1,83,-16.399,-71.5364
822,GUZMANGO,0,0,1,83,-16.399,-71.5364
823,"SAN BENITO",0,0,1,83,-16.399,-71.5364
824,"SANTA CRUZ DE TOLED",0,0,1,83,-16.399,-71.5364
825,TANTARICA,0,0,1,83,-16.399,-71.5364
826,YONAN,0,0,1,83,-16.399,-71.5364
827,CUTERVO,0,0,1,84,-16.399,-71.5364
828,CALLAYUC,0,0,1,84,-16.399,-71.5364
829,CHOROS,0,0,1,84,-16.399,-71.5364
830,CUJILLO,0,0,1,84,-16.399,-71.5364
831,"LA RAMADA",0,0,1,84,-16.399,-71.5364
832,PIMPINGOS,0,0,1,84,-16.399,-71.5364
833,QUEROCOTILLO,0,0,1,84,-16.399,-71.5364
834,"SAN ANDRES DE CUTERVO",0,0,1,84,-16.399,-71.5364
835,"SAN JUAN DE CUTERVO",0,0,1,84,-16.399,-71.5364
836,"SAN LUIS DE LUCMA",0,0,1,84,-16.399,-71.5364
837,"SANTA CRUZ",0,0,1,84,-16.399,-71.5364
838,"SANTO DOMINGO DE LA CAPILLA",0,0,1,84,-16.399,-71.5364
839,"SANTO TOMAS",0,0,1,84,-16.399,-71.5364
840,SOCOTA,0,0,1,84,-16.399,-71.5364
841,"TORIBIO CASANOVA",0,0,1,84,-16.399,-71.5364
842,BAMBAMARCA,0,0,1,85,-16.399,-71.5364
843,CHUGUR,0,0,1,85,-16.399,-71.5364
844,HUALGAYOC,0,0,1,85,-16.399,-71.5364
845,JAEN,0,0,1,86,-16.399,-71.5364
846,BELLAVISTA,0,0,1,86,-16.399,-71.5364
847,CHONTALI,0,0,1,86,-16.399,-71.5364
848,COLASAY,0,0,1,86,-16.399,-71.5364
849,HUABAL,0,0,1,86,-16.399,-71.5364
850,"LAS PIRIAS",0,0,1,86,-16.399,-71.5364
851,POMAHUACA,0,0,1,86,-16.399,-71.5364
852,PUCARA,0,0,1,86,-16.399,-71.5364
853,SALLIQUE,0,0,1,86,-16.399,-71.5364
854,"SAN FELIPE",0,0,1,86,-16.399,-71.5364
855,"SAN JOSE DEL ALTO",0,0,1,86,-16.399,-71.5364
856,"SANTA ROSA",0,0,1,86,-16.399,-71.5364
857,"SAN IGNACIO",0,0,1,87,-16.399,-71.5364
858,CHIRINOS,0,0,1,87,-16.399,-71.5364
859,HUARANGO,0,0,1,87,-16.399,-71.5364
860,"LA COIPA",0,0,1,87,-16.399,-71.5364
861,NAMBALLE,0,0,1,87,-16.399,-71.5364
862,"SAN JOSE DE LOURDES",0,0,1,87,-16.399,-71.5364
863,TABACONAS,0,0,1,87,-16.399,-71.5364
864,"PEDRO GALVEZ",0,0,1,88,-16.399,-71.5364
865,CHANCAY,0,0,1,88,-16.399,-71.5364
866,"EDUARDO VILLANUEVA",0,0,1,88,-16.399,-71.5364
867,"GREGORIO PITA",0,0,1,88,-16.399,-71.5364
868,ICHOCAN,0,0,1,88,-16.399,-71.5364
869,"JOSE MANUEL QUIROZ",0,0,1,88,-16.399,-71.5364
870,"JOSE SABOGAL",0,0,1,88,-16.399,-71.5364
871,"SAN MIGUEL",0,0,1,89,-16.399,-71.5364
872,BOLIVAR,0,0,1,89,-16.399,-71.5364
873,CALQUIS,0,0,1,89,-16.399,-71.5364
874,CATILLUC,0,0,1,89,-16.399,-71.5364
875,"EL PRADO",0,0,1,89,-16.399,-71.5364
876,"LA FLORIDA",0,0,1,89,-16.399,-71.5364
877,LLAPA,0,0,1,89,-16.399,-71.5364
878,NANCHOC,0,0,1,89,-16.399,-71.5364
879,NIEPOS,0,0,1,89,-16.399,-71.5364
880,"SAN GREGORIO",0,0,1,89,-16.399,-71.5364
881,"SAN SILVESTRE DE COCHAN",0,0,1,89,-16.399,-71.5364
882,TONGOD,0,0,1,89,-16.399,-71.5364
883,"UNION AGUA BLANCA",0,0,1,89,-16.399,-71.5364
884,"SAN PABLO",0,0,1,90,-16.399,-71.5364
885,"SAN BERNARDINO",0,0,1,90,-16.399,-71.5364
886,"SAN LUIS",0,0,1,90,-16.399,-71.5364
887,TUMBADEN,0,0,1,90,-16.399,-71.5364
888,"SANTA CRUZ",0,0,1,91,-16.399,-71.5364
889,ANDABAMBA,0,0,1,91,-16.399,-71.5364
890,CATACHE,0,0,1,91,-16.399,-71.5364
891,CHANCAYBAÑOS,0,0,1,91,-16.399,-71.5364
892,"LA ESPERANZA",0,0,1,91,-16.399,-71.5364
893,NINABAMBA,0,0,1,91,-16.399,-71.5364
894,PULAN,0,0,1,91,-16.399,-71.5364
895,SAUCEPAMPA,0,0,1,91,-16.399,-71.5364
896,SEXI,0,0,1,91,-16.399,-71.5364
897,UTICYACU,0,0,1,91,-16.399,-71.5364
898,YAUYUCAN,0,0,1,91,-16.399,-71.5364
899,CUSCO,0,0,1,92,-16.399,-71.5364
900,CCORCA,0,0,1,92,-16.399,-71.5364
901,POROY,0,0,1,92,-16.399,-71.5364
902,"SAN JERONIMO",0,0,1,92,-16.399,-71.5364
903,"SAN SEBASTIAN",0,0,1,92,-16.399,-71.5364
904,SANTIAGO,0,0,1,92,-16.399,-71.5364
905,SAYLLA,0,0,1,92,-16.399,-71.5364
906,WANCHAQ,0,0,1,92,-16.399,-71.5364
907,ACOMAYO,0,0,1,93,-16.399,-71.5364
908,ACOPIA,0,0,1,93,-16.399,-71.5364
909,ACOS,0,0,1,93,-16.399,-71.5364
910,"MOSOC LLACTA",0,0,1,93,-16.399,-71.5364
911,POMACANCHI,0,0,1,93,-16.399,-71.5364
912,RONDOCAN,0,0,1,93,-16.399,-71.5364
913,SANGARARA,0,0,1,93,-16.399,-71.5364
914,ANTA,0,0,1,94,-16.399,-71.5364
915,ANCAHUASI,0,0,1,94,-16.399,-71.5364
916,CACHIMAYO,0,0,1,94,-16.399,-71.5364
917,CHINCHAYPUJIO,0,0,1,94,-16.399,-71.5364
918,HUAROCONDO,0,0,1,94,-16.399,-71.5364
919,LIMATAMBO,0,0,1,94,-16.399,-71.5364
920,MOLLEPATA,0,0,1,94,-16.399,-71.5364
921,PUCYURA,0,0,1,94,-16.399,-71.5364
922,ZURITE,0,0,1,94,-16.399,-71.5364
923,CALCA,0,0,1,95,-16.399,-71.5364
924,COYA,0,0,1,95,-16.399,-71.5364
925,LAMAY,0,0,1,95,-16.399,-71.5364
926,LARES,0,0,1,95,-16.399,-71.5364
927,PISAC,0,0,1,95,-16.399,-71.5364
928,"SAN SALVADOR",0,0,1,95,-16.399,-71.5364
929,TARAY,0,0,1,95,-16.399,-71.5364
930,YANATILE,0,0,1,95,-16.399,-71.5364
931,YANAOCA,0,0,1,96,-16.399,-71.5364
932,CHECCA,0,0,1,96,-16.399,-71.5364
933,KUNTURKANKI,0,0,1,96,-16.399,-71.5364
934,LANGUI,0,0,1,96,-16.399,-71.5364
935,LAYO,0,0,1,96,-16.399,-71.5364
936,PAMPAMARCA,0,0,1,96,-16.399,-71.5364
937,QUEHUE,0,0,1,96,-16.399,-71.5364
938,"TUPAC AMARU",0,0,1,96,-16.399,-71.5364
939,SICUANI,0,0,1,97,-16.399,-71.5364
940,CHECACUPE,0,0,1,97,-16.399,-71.5364
941,COMBAPATA,0,0,1,97,-16.399,-71.5364
942,MARANGANI,0,0,1,97,-16.399,-71.5364
943,PITUMARCA,0,0,1,97,-16.399,-71.5364
944,"SAN PABLO",0,0,1,97,-16.399,-71.5364
945,"SAN PEDRO",0,0,1,97,-16.399,-71.5364
946,TINTA,0,0,1,97,-16.399,-71.5364
947,"SANTO TOMAS",0,0,1,98,-16.399,-71.5364
948,CAPACMARCA,0,0,1,98,-16.399,-71.5364
949,CHAMACA,0,0,1,98,-16.399,-71.5364
950,COLQUEMARCA,0,0,1,98,-16.399,-71.5364
951,LIVITACA,0,0,1,98,-16.399,-71.5364
952,LLUSCO,0,0,1,98,-16.399,-71.5364
953,QUIÑOTA,0,0,1,98,-16.399,-71.5364
954,VELILLE,0,0,1,98,-16.399,-71.5364
955,ESPINAR,0,0,1,99,-16.399,-71.5364
956,CONDOROMA,0,0,1,99,-16.399,-71.5364
957,COPORAQUE,0,0,1,99,-16.399,-71.5364
958,OCORURO,0,0,1,99,-16.399,-71.5364
959,PALLPATA,0,0,1,99,-16.399,-71.5364
960,PICHIGUA,0,0,1,99,-16.399,-71.5364
961,"SUYCKUTAMBO 3/",0,0,1,99,-16.399,-71.5364
962,"ALTO PICHIGUA",0,0,1,99,-16.399,-71.5364
963,"SANTA ANA",0,0,1,100,-16.399,-71.5364
964,ECHARATE,0,0,1,100,-16.399,-71.5364
965,"HUAYOPATA /1",0,0,1,100,-16.399,-71.5364
966,MARANURA,0,0,1,100,-16.399,-71.5364
967,"OCOBAMBA  /2",0,0,1,100,-16.399,-71.5364
968,QUELLOUNO,0,0,1,100,-16.399,-71.5364
969,KIMBIRI,0,0,1,100,-16.399,-71.5364
970,"SANTA TERESA",0,0,1,100,-16.399,-71.5364
971,VILCABAMBA,0,0,1,100,-16.399,-71.5364
972,PICHARI,0,0,1,100,-16.399,-71.5364
973,PARURO,0,0,1,101,-16.399,-71.5364
974,ACCHA,0,0,1,101,-16.399,-71.5364
975,CCAPI,0,0,1,101,-16.399,-71.5364
976,COLCHA,0,0,1,101,-16.399,-71.5364
977,HUANOQUITE,0,0,1,101,-16.399,-71.5364
978,OMACHA,0,0,1,101,-16.399,-71.5364
979,PACCARITAMBO,0,0,1,101,-16.399,-71.5364
980,PILLPINTO,0,0,1,101,-16.399,-71.5364
981,YAURISQUE,0,0,1,101,-16.399,-71.5364
982,PAUCARTAMBO,0,0,1,102,-16.399,-71.5364
983,CAICAY,0,0,1,102,-16.399,-71.5364
984,CHALLABAMBA,0,0,1,102,-16.399,-71.5364
985,COLQUEPATA,0,0,1,102,-16.399,-71.5364
986,HUANCARANI,0,0,1,102,-16.399,-71.5364
987,KOSÑIPATA,0,0,1,102,-16.399,-71.5364
988,URCOS,0,0,1,103,-16.399,-71.5364
989,ANDAHUAYLILLAS,0,0,1,103,-16.399,-71.5364
990,CAMANTI,0,0,1,103,-16.399,-71.5364
991,CCARHUAYO,0,0,1,103,-16.399,-71.5364
992,CCATCA,0,0,1,103,-16.399,-71.5364
993,CUSIPATA,0,0,1,103,-16.399,-71.5364
994,HUARO,0,0,1,103,-16.399,-71.5364
995,LUCRE,0,0,1,103,-16.399,-71.5364
996,MARCAPATA,0,0,1,103,-16.399,-71.5364
997,OCONGATE,0,0,1,103,-16.399,-71.5364
998,OROPESA,0,0,1,103,-16.399,-71.5364
999,QUIQUIJANA,0,0,1,103,-16.399,-71.5364
1000,URUBAMBA,0,0,1,104,-16.399,-71.5364
1001,CHINCHERO,0,0,1,104,-16.399,-71.5364
1002,HUAYLLABAMBA,0,0,1,104,-16.399,-71.5364
1003,MACHUPICCHU,0,0,1,104,-16.399,-71.5364
1004,MARAS,0,0,1,104,-16.399,-71.5364
1005,OLLANTAYTAMBO,0,0,1,104,-16.399,-71.5364
1006,YUCAY,0,0,1,104,-16.399,-71.5364
1007,HUANCAVELICA,0,0,1,105,-16.399,-71.5364
1008,ACOBAMBILLA,0,0,1,105,-16.399,-71.5364
1009,ACORIA,0,0,1,105,-16.399,-71.5364
1010,CONAYCA,0,0,1,105,-16.399,-71.5364
1011,CUENCA,0,0,1,105,-16.399,-71.5364
1012,HUACHOCOLPA,0,0,1,105,-16.399,-71.5364
1013,HUAYLLAHUARA,0,0,1,105,-16.399,-71.5364
1014,IZCUCHACA,0,0,1,105,-16.399,-71.5364
1015,LARIA,0,0,1,105,-16.399,-71.5364
1016,MANTA,0,0,1,105,-16.399,-71.5364
1017,"MARISCAL CACERES",0,0,1,105,-16.399,-71.5364
1018,MOYA,0,0,1,105,-16.399,-71.5364
1019,"NUEVO OCCORO",0,0,1,105,-16.399,-71.5364
1020,PALCA,0,0,1,105,-16.399,-71.5364
1021,PILCHACA,0,0,1,105,-16.399,-71.5364
1022,VILCA,0,0,1,105,-16.399,-71.5364
1023,YAULI,0,0,1,105,-16.399,-71.5364
1024,ASCENSION,0,0,1,105,-16.399,-71.5364
1025,HUANDO,0,0,1,105,-16.399,-71.5364
1026,ACOBAMBA,0,0,1,106,-16.399,-71.5364
1027,ANDABAMBA,0,0,1,106,-16.399,-71.5364
1028,ANTA,0,0,1,106,-16.399,-71.5364
1029,CAJA,0,0,1,106,-16.399,-71.5364
1030,MARCAS,0,0,1,106,-16.399,-71.5364
1031,PAUCARA,0,0,1,106,-16.399,-71.5364
1032,POMACOCHA,0,0,1,106,-16.399,-71.5364
1033,ROSARIO,0,0,1,106,-16.399,-71.5364
1034,LIRCAY,0,0,1,107,-16.399,-71.5364
1035,ANCHONGA,0,0,1,107,-16.399,-71.5364
1036,CALLANMARCA,0,0,1,107,-16.399,-71.5364
1037,CCOCHACCASA,0,0,1,107,-16.399,-71.5364
1038,CHINCHO,0,0,1,107,-16.399,-71.5364
1039,CONGALLA,0,0,1,107,-16.399,-71.5364
1040,HUANCA-HUANCA,0,0,1,107,-16.399,-71.5364
1041,"HUAYLLAY GRANDE",0,0,1,107,-16.399,-71.5364
1042,JULCAMARCA,0,0,1,107,-16.399,-71.5364
1043,"SAN ANTONIO DE ANTAPARCO",0,0,1,107,-16.399,-71.5364
1044,"SANTO TOMAS DE PATA",0,0,1,107,-16.399,-71.5364
1045,SECCLLA,0,0,1,107,-16.399,-71.5364
1046,CASTROVIRREYNA,0,0,1,108,-16.399,-71.5364
1047,ARMA,0,0,1,108,-16.399,-71.5364
1048,AURAHUA,0,0,1,108,-16.399,-71.5364
1049,CAPILLAS,0,0,1,108,-16.399,-71.5364
1050,CHUPAMARCA,0,0,1,108,-16.399,-71.5364
1051,COCAS,0,0,1,108,-16.399,-71.5364
1052,HUACHOS,0,0,1,108,-16.399,-71.5364
1053,HUAMATAMBO,0,0,1,108,-16.399,-71.5364
1054,MOLLEPAMPA,0,0,1,108,-16.399,-71.5364
1055,"SAN JUAN",0,0,1,108,-16.399,-71.5364
1056,"SANTA ANA",0,0,1,108,-16.399,-71.5364
1057,TANTARA,0,0,1,108,-16.399,-71.5364
1058,TICRAPO,0,0,1,108,-16.399,-71.5364
1059,CHURCAMPA,0,0,1,109,-16.399,-71.5364
1060,ANCO,0,0,1,109,-16.399,-71.5364
1061,CHINCHIHUASI,0,0,1,109,-16.399,-71.5364
1062,"EL CARMEN",0,0,1,109,-16.399,-71.5364
1063,"LA MERCED",0,0,1,109,-16.399,-71.5364
1064,LOCROJA,0,0,1,109,-16.399,-71.5364
1065,PAUCARBAMBA,0,0,1,109,-16.399,-71.5364
1066,"SAN MIGUEL DE MAYOCC",0,0,1,109,-16.399,-71.5364
1067,"SAN PEDRO DE CORIS",0,0,1,109,-16.399,-71.5364
1068,"PACHAMARCA ",0,0,1,109,-16.399,-71.5364
1069,HUAYTARA,0,0,1,110,-16.399,-71.5364
1070,AYAVI,0,0,1,110,-16.399,-71.5364
1071,CORDOVA,0,0,1,110,-16.399,-71.5364
1072,"HUAYACUNDO ARMA",0,0,1,110,-16.399,-71.5364
1073,LARAMARCA,0,0,1,110,-16.399,-71.5364
1074,OCOYO,0,0,1,110,-16.399,-71.5364
1075,PILPICHACA,0,0,1,110,-16.399,-71.5364
1076,QUERCO,0,0,1,110,-16.399,-71.5364
1077,QUITO-ARMA,0,0,1,110,-16.399,-71.5364
1078,"SAN ANTONIO DE CUSICANCHA",0,0,1,110,-16.399,-71.5364
1079,"SAN FRANCISCO DE SANGAYAICO",0,0,1,110,-16.399,-71.5364
1080,"SAN ISIDRO",0,0,1,110,-16.399,-71.5364
1081,"SANTIAGO DE CHOCORVOS",0,0,1,110,-16.399,-71.5364
1082,"SANTIAGO DE QUIRAHUARA",0,0,1,110,-16.399,-71.5364
1083,"SANTO DOMINGO DE CAPILLAS",0,0,1,110,-16.399,-71.5364
1084,TAMBO,0,0,1,110,-16.399,-71.5364
1085,PAMPAS,0,0,1,111,-16.399,-71.5364
1086,ACOSTAMBO,0,0,1,111,-16.399,-71.5364
1087,ACRAQUIA,0,0,1,111,-16.399,-71.5364
1088,AHUAYCHA,0,0,1,111,-16.399,-71.5364
1089,COLCABAMBA,0,0,1,111,-16.399,-71.5364
1090,"DANIEL HERNANDEZ",0,0,1,111,-16.399,-71.5364
1091,HUACHOCOLPA,0,0,1,111,-16.399,-71.5364
1092,HUARIBAMBA,0,0,1,111,-16.399,-71.5364
1093,ÑAHUIMPUQUIO,0,0,1,111,-16.399,-71.5364
1094,PAZOS,0,0,1,111,-16.399,-71.5364
1095,QUISHUAR,0,0,1,111,-16.399,-71.5364
1096,SALCABAMBA,0,0,1,111,-16.399,-71.5364
1097,SALCAHUASI,0,0,1,111,-16.399,-71.5364
1098,"SAN MARCOS DE ROCCHAC",0,0,1,111,-16.399,-71.5364
1099,SURCUBAMBA,0,0,1,111,-16.399,-71.5364
1100,"TINTAY PUNCU",0,0,1,111,-16.399,-71.5364
1101,HUANUCO,0,0,1,112,-16.399,-71.5364
1102,AMARILIS,0,0,1,112,-16.399,-71.5364
1103,CHINCHAO,0,0,1,112,-16.399,-71.5364
1104,CHURUBAMBA,0,0,1,112,-16.399,-71.5364
1105,MARGOS,0,0,1,112,-16.399,-71.5364
1106,QUISQUI,0,0,1,112,-16.399,-71.5364
1107,"SAN FRANCISCO DE CAYRAN",0,0,1,112,-16.399,-71.5364
1108,"SAN PEDRO DE CHAULAN",0,0,1,112,-16.399,-71.5364
1109,"SANTA MARIA DEL VALLE",0,0,1,112,-16.399,-71.5364
1110,YARUMAYO,0,0,1,112,-16.399,-71.5364
1111,"PILLCO MARCA",0,0,1,112,-16.399,-71.5364
1112,AMBO,0,0,1,113,-16.399,-71.5364
1113,CAYNA,0,0,1,113,-16.399,-71.5364
1114,COLPAS,0,0,1,113,-16.399,-71.5364
1115,CONCHAMARCA,0,0,1,113,-16.399,-71.5364
1116,HUACAR,0,0,1,113,-16.399,-71.5364
1117,"SAN FRANCISCO",0,0,1,113,-16.399,-71.5364
1118,"SAN RAFAEL",0,0,1,113,-16.399,-71.5364
1119,"TOMAY KICHWA",0,0,1,113,-16.399,-71.5364
1120,"LA UNION",0,0,1,114,-16.399,-71.5364
1121,CHUQUIS,0,0,1,114,-16.399,-71.5364
1122,MARIAS,0,0,1,114,-16.399,-71.5364
1123,PACHAS,0,0,1,114,-16.399,-71.5364
1124,QUIVILLA,0,0,1,114,-16.399,-71.5364
1125,RIPAN,0,0,1,114,-16.399,-71.5364
1126,SHUNQUI,0,0,1,114,-16.399,-71.5364
1127,SILLAPATA,0,0,1,114,-16.399,-71.5364
1128,YANAS,0,0,1,114,-16.399,-71.5364
1129,HUACAYBAMBA,0,0,1,115,-16.399,-71.5364
1130,CANCHABAMBA,0,0,1,115,-16.399,-71.5364
1131,COCHABAMBA,0,0,1,115,-16.399,-71.5364
1132,PINRA,0,0,1,115,-16.399,-71.5364
1133,LLATA,0,0,1,116,-16.399,-71.5364
1134,ARANCAY,0,0,1,116,-16.399,-71.5364
1135,"CHAVIN DE PARIARCA",0,0,1,116,-16.399,-71.5364
1136,"JACAS GRANDE",0,0,1,116,-16.399,-71.5364
1137,JIRCAN,0,0,1,116,-16.399,-71.5364
1138,MIRAFLORES,0,0,1,116,-16.399,-71.5364
1139,MONZON,0,0,1,116,-16.399,-71.5364
1140,PUNCHAO,0,0,1,116,-16.399,-71.5364
1141,PUÑOS,0,0,1,116,-16.399,-71.5364
1142,SINGA,0,0,1,116,-16.399,-71.5364
1143,TANTAMAYO,0,0,1,116,-16.399,-71.5364
1144,RUPA-RUPA,0,0,1,117,-16.399,-71.5364
1145,"DANIEL ALOMIA ROBLES",0,0,1,117,-16.399,-71.5364
1146,"HERMILIO VALDIZAN",0,0,1,117,-16.399,-71.5364
1147,"JOSE CRESPO Y CASTILLO",0,0,1,117,-16.399,-71.5364
1148,"LUYANDO 1/",0,0,1,117,-16.399,-71.5364
1149,"MARIANO DAMASO BERAUN",0,0,1,117,-16.399,-71.5364
1150,HUACRACHUCO,0,0,1,118,-16.399,-71.5364
1151,CHOLON,0,0,1,118,-16.399,-71.5364
1152,"SAN BUENAVENTURA",0,0,1,118,-16.399,-71.5364
1153,PANAO,0,0,1,119,-16.399,-71.5364
1154,CHAGLLA,0,0,1,119,-16.399,-71.5364
1155,MOLINO,0,0,1,119,-16.399,-71.5364
1156,"UMARI  ",0,0,1,119,-16.399,-71.5364
1157,"PUERTO INCA",0,0,1,120,-16.399,-71.5364
1158,"CODO DEL POZUZO",0,0,1,120,-16.399,-71.5364
1159,HONORIA,0,0,1,120,-16.399,-71.5364
1160,TOURNAVISTA,0,0,1,120,-16.399,-71.5364
1161,YUYAPICHIS,0,0,1,120,-16.399,-71.5364
1162,JESUS,0,0,1,121,-16.399,-71.5364
1163,BAÑOS,0,0,1,121,-16.399,-71.5364
1164,JIVIA,0,0,1,121,-16.399,-71.5364
1165,QUEROPALCA,0,0,1,121,-16.399,-71.5364
1166,RONDOS,0,0,1,121,-16.399,-71.5364
1167,"SAN FRANCISCO DE ASIS",0,0,1,121,-16.399,-71.5364
1168,"SAN MIGUEL DE CAURI",0,0,1,121,-16.399,-71.5364
1169,CHAVINILLO,0,0,1,121,-16.399,-71.5364
1170,CAHUAC,0,0,1,121,-16.399,-71.5364
1171,CHACABAMBA,0,0,1,121,-16.399,-71.5364
1172,"APARICIO POMARES",0,0,1,121,-16.399,-71.5364
1173,"JACAS CHICO",0,0,1,121,-16.399,-71.5364
1174,OBAS,0,0,1,121,-16.399,-71.5364
1175,PAMPAMARCA,0,0,1,121,-16.399,-71.5364
1176,CHORAS,0,0,1,121,-16.399,-71.5364
1177,"CHINCHA ALTA",0,0,1,122,-16.399,-71.5364
1178,"ALTO LARAN",0,0,1,122,-16.399,-71.5364
1179,CHAVIN,0,0,1,122,-16.399,-71.5364
1180,"CHINCHA BAJA",0,0,1,122,-16.399,-71.5364
1181,"EL CARMEN",0,0,1,122,-16.399,-71.5364
1182,"GROCIO PRADO",0,0,1,122,-16.399,-71.5364
1183,"PUEBLO NUEVO",0,0,1,122,-16.399,-71.5364
1184,"SAN JUAN DE YANAC",0,0,1,122,-16.399,-71.5364
1185,"SAN PEDRO DE HUACARPANA",0,0,1,122,-16.399,-71.5364
1186,SUNAMPE,0,0,1,122,-16.399,-71.5364
1187,"TAMBO DE MORA",0,0,1,122,-16.399,-71.5364
1188,ICA,0,0,1,123,-16.399,-71.5364
1189,"LA TINGUIÑA",0,0,1,123,-16.399,-71.5364
1190,"LOS AQUIJES",0,0,1,123,-16.399,-71.5364
1191,OCUCAJE,0,0,1,123,-16.399,-71.5364
1192,PACHACUTEC,0,0,1,123,-16.399,-71.5364
1193,PARCONA,0,0,1,123,-16.399,-71.5364
1194,"PUEBLO NUEVO",0,0,1,123,-16.399,-71.5364
1195,SALAS,0,0,1,123,-16.399,-71.5364
1196,"SAN JOSE DE LOS MOLINOS",0,0,1,123,-16.399,-71.5364
1197,"SAN JUAN BAUTISTA",0,0,1,123,-16.399,-71.5364
1198,SANTIAGO,0,0,1,123,-16.399,-71.5364
1199,SUBTANJALLA,0,0,1,123,-16.399,-71.5364
1200,TATE,0,0,1,123,-16.399,-71.5364
1201,"YAUCA DEL ROSARIO ",0,0,1,123,-16.399,-71.5364
1202,"CHINCHA ALTA",0,0,1,124,-16.399,-71.5364
1203,"ALTO LARAN",0,0,1,124,-16.399,-71.5364
1204,CHAVIN,0,0,1,124,-16.399,-71.5364
1205,"CHINCHA BAJA",0,0,1,124,-16.399,-71.5364
1206,"EL CARMEN",0,0,1,124,-16.399,-71.5364
1207,"GROCIO PRADO",0,0,1,124,-16.399,-71.5364
1208,"PUEBLO NUEVO",0,0,1,124,-16.399,-71.5364
1209,"SAN JUAN DE YANAC",0,0,1,124,-16.399,-71.5364
1210,"SAN PEDRO DE HUACARPANA",0,0,1,124,-16.399,-71.5364
1211,SUNAMPE,0,0,1,124,-16.399,-71.5364
1212,"TAMBO DE MORA",0,0,1,124,-16.399,-71.5364
1213,NAZCA,0,0,1,125,-16.399,-71.5364
1214,CHANGUILLO,0,0,1,125,-16.399,-71.5364
1215,"EL INGENIO",0,0,1,125,-16.399,-71.5364
1216,MARCONA,0,0,1,125,-16.399,-71.5364
1217,"VISTA ALEGRE",0,0,1,125,-16.399,-71.5364
1218,PALPA,0,0,1,126,-16.399,-71.5364
1219,LLIPATA,0,0,1,126,-16.399,-71.5364
1220,"RIO GRANDE",0,0,1,126,-16.399,-71.5364
1221,"SANTA CRUZ",0,0,1,126,-16.399,-71.5364
1222,TIBILLO,0,0,1,126,-16.399,-71.5364
1223,PISCO,0,0,1,127,-16.399,-71.5364
1224,HUANCANO,0,0,1,127,-16.399,-71.5364
1225,HUMAY,0,0,1,127,-16.399,-71.5364
1226,INDEPENDENCIA,0,0,1,127,-16.399,-71.5364
1227,PARACAS,0,0,1,127,-16.399,-71.5364
1228,"SAN ANDRES",0,0,1,127,-16.399,-71.5364
1229,"SAN CLEMENTE",0,0,1,127,-16.399,-71.5364
1230,"TUPAC AMARU INCA",0,0,1,127,-16.399,-71.5364
1231,HUANCAYO,0,0,1,128,-16.399,-71.5364
1232,CARHUACALLANGA,0,0,1,128,-16.399,-71.5364
1233,CHACAPAMPA,0,0,1,128,-16.399,-71.5364
1234,CHICCHE,0,0,1,128,-16.399,-71.5364
1235,CHILCA,0,0,1,128,-16.399,-71.5364
1236,"CHONGOS ALTO",0,0,1,128,-16.399,-71.5364
1237,CHUPURO,0,0,1,128,-16.399,-71.5364
1238,COLCA,0,0,1,128,-16.399,-71.5364
1239,CULLHUAS,0,0,1,128,-16.399,-71.5364
1240,"EL TAMBO",0,0,1,128,-16.399,-71.5364
1241,HUACRAPUQUIO,0,0,1,128,-16.399,-71.5364
1242,HUALHUAS,0,0,1,128,-16.399,-71.5364
1243,HUANCAN,0,0,1,128,-16.399,-71.5364
1244,HUASICANCHA,0,0,1,128,-16.399,-71.5364
1245,HUAYUCACHI,0,0,1,128,-16.399,-71.5364
1246,INGENIO,0,0,1,128,-16.399,-71.5364
1247,"PARIAHUANCA   1/",0,0,1,128,-16.399,-71.5364
1248,PILCOMAYO,0,0,1,128,-16.399,-71.5364
1249,PUCARA,0,0,1,128,-16.399,-71.5364
1250,QUICHUAY,0,0,1,128,-16.399,-71.5364
1251,QUILCAS,0,0,1,128,-16.399,-71.5364
1252,"SAN AGUSTIN",0,0,1,128,-16.399,-71.5364
1253,"SAN JERONIMO DE TUNAN",0,0,1,128,-16.399,-71.5364
1254,SAÑO,0,0,1,128,-16.399,-71.5364
1255,SAPALLANGA,0,0,1,128,-16.399,-71.5364
1256,SICAYA,0,0,1,128,-16.399,-71.5364
1257,"SANTO DOMINGO DE ACOBAMBA",0,0,1,128,-16.399,-71.5364
1258,VIQUES,0,0,1,128,-16.399,-71.5364
1259,CONCEPCION,0,0,1,129,-16.399,-71.5364
1260,ACO,0,0,1,129,-16.399,-71.5364
1261,ANDAMARCA,0,0,1,129,-16.399,-71.5364
1262,CHAMBARA,0,0,1,129,-16.399,-71.5364
1263,COCHAS,0,0,1,129,-16.399,-71.5364
1264,COMAS,0,0,1,129,-16.399,-71.5364
1265,"HEROINAS TOLEDO",0,0,1,129,-16.399,-71.5364
1266,MANZANARES,0,0,1,129,-16.399,-71.5364
1267,"MARISCAL CASTILLA",0,0,1,129,-16.399,-71.5364
1268,MATAHUASI,0,0,1,129,-16.399,-71.5364
1269,MITO,0,0,1,129,-16.399,-71.5364
1270,"NUEVE DE JULIO",0,0,1,129,-16.399,-71.5364
1271,ORCOTUNA,0,0,1,129,-16.399,-71.5364
1272,"SAN JOSE DE QUERO",0,0,1,129,-16.399,-71.5364
1273,"SANTA ROSA DE OCOPA",0,0,1,129,-16.399,-71.5364
1274,CHANCHAMAYO,0,0,1,130,-16.399,-71.5364
1275,PERENE,0,0,1,130,-16.399,-71.5364
1276,PICHANAQUI,0,0,1,130,-16.399,-71.5364
1277,"SAN LUIS DE SHUARO",0,0,1,130,-16.399,-71.5364
1278,"SAN RAMON",0,0,1,130,-16.399,-71.5364
1279,VITOC,0,0,1,130,-16.399,-71.5364
1280,JAUJA,0,0,1,131,-16.399,-71.5364
1281,ACOLLA,0,0,1,131,-16.399,-71.5364
1282,APATA,0,0,1,131,-16.399,-71.5364
1283,ATAURA,0,0,1,131,-16.399,-71.5364
1284,CANCHAYLLO,0,0,1,131,-16.399,-71.5364
1285,CURICACA,0,0,1,131,-16.399,-71.5364
1286,"EL MANTARO",0,0,1,131,-16.399,-71.5364
1287,HUAMALI,0,0,1,131,-16.399,-71.5364
1288,HUARIPAMPA,0,0,1,131,-16.399,-71.5364
1289,HUERTAS,0,0,1,131,-16.399,-71.5364
1290,JANJAILLO,0,0,1,131,-16.399,-71.5364
1291,JULCAN,0,0,1,131,-16.399,-71.5364
1292,"LEONOR ORDOÑEZ",0,0,1,131,-16.399,-71.5364
1293,LLOCLLAPAMPA,0,0,1,131,-16.399,-71.5364
1294,MARCO,0,0,1,131,-16.399,-71.5364
1295,MASMA,0,0,1,131,-16.399,-71.5364
1296,"MASMA CHICCHE",0,0,1,131,-16.399,-71.5364
1297,MOLINOS,0,0,1,131,-16.399,-71.5364
1298,MONOBAMBA,0,0,1,131,-16.399,-71.5364
1299,MUQUI,0,0,1,131,-16.399,-71.5364
1300,MUQUIYAUYO,0,0,1,131,-16.399,-71.5364
1301,PACA,0,0,1,131,-16.399,-71.5364
1302,PACCHA,0,0,1,131,-16.399,-71.5364
1303,PANCAN,0,0,1,131,-16.399,-71.5364
1304,PARCO,0,0,1,131,-16.399,-71.5364
1305,POMACANCHA,0,0,1,131,-16.399,-71.5364
1306,RICRAN,0,0,1,131,-16.399,-71.5364
1307,"SAN LORENZO",0,0,1,131,-16.399,-71.5364
1308,"SAN PEDRO DE CHUNAN",0,0,1,131,-16.399,-71.5364
1309,SAUSA,0,0,1,131,-16.399,-71.5364
1310,SINCOS,0,0,1,131,-16.399,-71.5364
1311,"TUNAN MARCA",0,0,1,131,-16.399,-71.5364
1312,YAULI,0,0,1,131,-16.399,-71.5364
1313,YAUYOS,0,0,1,131,-16.399,-71.5364
1314,JUNIN,0,0,1,132,-16.399,-71.5364
1315,CARHUAMAYO,0,0,1,132,-16.399,-71.5364
1316,ONDORES,0,0,1,132,-16.399,-71.5364
1317,ULCUMAYO,0,0,1,132,-16.399,-71.5364
1318,SATIPO,0,0,1,133,-16.399,-71.5364
1319,COVIRIALI,0,0,1,133,-16.399,-71.5364
1320,LLAYLLA,0,0,1,133,-16.399,-71.5364
1321,MAZAMARI,0,0,1,133,-16.399,-71.5364
1322,"PAMPA HERMOSA",0,0,1,133,-16.399,-71.5364
1323,PANGOA,0,0,1,133,-16.399,-71.5364
1324,"RIO NEGRO",0,0,1,133,-16.399,-71.5364
1325,"RIO TAMBO",0,0,1,133,-16.399,-71.5364
1326,TARMA,0,0,1,134,-16.399,-71.5364
1327,ACOBAMBA,0,0,1,134,-16.399,-71.5364
1328,HUARICOLCA,0,0,1,134,-16.399,-71.5364
1329,HUASAHUASI,0,0,1,134,-16.399,-71.5364
1330,"LA UNION",0,0,1,134,-16.399,-71.5364
1331,PALCA,0,0,1,134,-16.399,-71.5364
1332,PALCAMAYO,0,0,1,134,-16.399,-71.5364
1333,"SAN PEDRO DE CAJAS",0,0,1,134,-16.399,-71.5364
1334,TAPO,0,0,1,134,-16.399,-71.5364
1335,"LA OROYA",0,0,1,135,-16.399,-71.5364
1336,CHACAPALPA,0,0,1,135,-16.399,-71.5364
1337,HUAY-HUAY,0,0,1,135,-16.399,-71.5364
1338,MARCAPOMACOCHA,0,0,1,135,-16.399,-71.5364
1339,MOROCOCHA,0,0,1,135,-16.399,-71.5364
1340,PACCHA,0,0,1,135,-16.399,-71.5364
1341,"SANTA BARBARA DE CARHUACAYAN",0,0,1,135,-16.399,-71.5364
1342,"SANTA ROSA DE SACCO",0,0,1,135,-16.399,-71.5364
1343,SUITUCANCHA,0,0,1,135,-16.399,-71.5364
1344,YAULI,0,0,1,135,-16.399,-71.5364
1345,CHUPACA,0,0,1,136,-16.399,-71.5364
1346,AHUAC,0,0,1,136,-16.399,-71.5364
1347,"CHONGOS BAJO",0,0,1,136,-16.399,-71.5364
1348,HUACHAC,0,0,1,136,-16.399,-71.5364
1349,"HUAMANCACA CHICO",0,0,1,136,-16.399,-71.5364
1350,"SAN JUAN DE ISCOS",0,0,1,136,-16.399,-71.5364
1351,"SAN JUAN DE JARPA",0,0,1,136,-16.399,-71.5364
1352,"TRES DE DICIEMBRE",0,0,1,136,-16.399,-71.5364
1353,YANACANCHA,0,0,1,136,-16.399,-71.5364
1354,TRUJILLO,0,0,1,137,-16.399,-71.5364
1355,"EL PORVENIR",0,0,1,137,-16.399,-71.5364
1356,"FLORENCIA DE MORA",0,0,1,137,-16.399,-71.5364
1357,HUANCHACO,0,0,1,137,-16.399,-71.5364
1358,"LA ESPERANZA",0,0,1,137,-16.399,-71.5364
1359,LAREDO,0,0,1,137,-16.399,-71.5364
1360,MOCHE,0,0,1,137,-16.399,-71.5364
1361,POROTO,0,0,1,137,-16.399,-71.5364
1362,SALAVERRY,0,0,1,137,-16.399,-71.5364
1363,SIMBAL,0,0,1,137,-16.399,-71.5364
1364,"VICTOR LARCO HERRERA",0,0,1,137,-16.399,-71.5364
1365,ASCOPE,0,0,1,138,-16.399,-71.5364
1366,CHICAMA,0,0,1,138,-16.399,-71.5364
1367,CHOCOPE,0,0,1,138,-16.399,-71.5364
1368,"MAGDALENA DE CAO",0,0,1,138,-16.399,-71.5364
1369,PAIJAN,0,0,1,138,-16.399,-71.5364
1370,RAZURI,0,0,1,138,-16.399,-71.5364
1371,"SANTIAGO DE CAO",0,0,1,138,-16.399,-71.5364
1372,"CASA GRANDE",0,0,1,138,-16.399,-71.5364
1373,BOLIVAR,0,0,1,139,-16.399,-71.5364
1374,BAMBAMARCA,0,0,1,139,-16.399,-71.5364
1375,"CONDORMARCA /1",0,0,1,139,-16.399,-71.5364
1376,LONGOTEA,0,0,1,139,-16.399,-71.5364
1377,UCHUMARCA,0,0,1,139,-16.399,-71.5364
1378,UCUNCHA,0,0,1,139,-16.399,-71.5364
1379,CHEPEN,0,0,1,140,-16.399,-71.5364
1380,PACANGA,0,0,1,140,-16.399,-71.5364
1381,"PUEBLO NUEVO",0,0,1,140,-16.399,-71.5364
1382,JULCAN,0,0,1,141,-16.399,-71.5364
1383,CALAMARCA,0,0,1,141,-16.399,-71.5364
1384,CARABAMBA,0,0,1,141,-16.399,-71.5364
1385,HUASO,0,0,1,141,-16.399,-71.5364
1386,OTUZCO,0,0,1,142,-16.399,-71.5364
1387,AGALLPAMPA,0,0,1,142,-16.399,-71.5364
1388,CHARAT,0,0,1,142,-16.399,-71.5364
1389,HUARANCHAL,0,0,1,142,-16.399,-71.5364
1390,"LA CUESTA",0,0,1,142,-16.399,-71.5364
1391,MACHE,0,0,1,142,-16.399,-71.5364
1392,PARANDAY,0,0,1,142,-16.399,-71.5364
1393,SALPO,0,0,1,142,-16.399,-71.5364
1394,SINSICAP,0,0,1,142,-16.399,-71.5364
1395,USQUIL,0,0,1,142,-16.399,-71.5364
1396,"SAN PEDRO DE LLOC",0,0,1,143,-16.399,-71.5364
1397,GUADALUPE,0,0,1,143,-16.399,-71.5364
1398,JEQUETEPEQUE,0,0,1,143,-16.399,-71.5364
1399,PACASMAYO,0,0,1,143,-16.399,-71.5364
1400,"SAN JOSE",0,0,1,143,-16.399,-71.5364
1401,TAYABAMBA,0,0,1,144,-16.399,-71.5364
1402,BULDIBUYO,0,0,1,144,-16.399,-71.5364
1403,CHILLIA,0,0,1,144,-16.399,-71.5364
1404,HUANCASPATA,0,0,1,144,-16.399,-71.5364
1405,HUAYLILLAS,0,0,1,144,-16.399,-71.5364
1406,HUAYO,0,0,1,144,-16.399,-71.5364
1407,ONGON,0,0,1,144,-16.399,-71.5364
1408,PARCOY,0,0,1,144,-16.399,-71.5364
1409,PATAZ,0,0,1,144,-16.399,-71.5364
1410,PIAS,0,0,1,144,-16.399,-71.5364
1411,"SANTIAGO DE CHALLAS",0,0,1,144,-16.399,-71.5364
1412,TAURIJA,0,0,1,144,-16.399,-71.5364
1413,URPAY,0,0,1,144,-16.399,-71.5364
1414,HUAMACHUCO,0,0,1,145,-16.399,-71.5364
1415,CHUGAY,0,0,1,145,-16.399,-71.5364
1416,COCHORCO,0,0,1,145,-16.399,-71.5364
1417,CURGOS,0,0,1,145,-16.399,-71.5364
1418,MARCABAL,0,0,1,145,-16.399,-71.5364
1419,SANAGORAN,0,0,1,145,-16.399,-71.5364
1420,SARIN,0,0,1,145,-16.399,-71.5364
1421,SARTIMBAMBA,0,0,1,145,-16.399,-71.5364
1422,"SANTIAGO DE CHUCO",0,0,1,146,-16.399,-71.5364
1423,ANGASMARCA,0,0,1,146,-16.399,-71.5364
1424,CACHICADAN,0,0,1,146,-16.399,-71.5364
1425,MOLLEBAMBA,0,0,1,146,-16.399,-71.5364
1426,MOLLEPATA,0,0,1,146,-16.399,-71.5364
1427,QUIRUVILCA,0,0,1,146,-16.399,-71.5364
1428,"SANTA CRUZ DE CHUCA",0,0,1,146,-16.399,-71.5364
1429,SITABAMBA,0,0,1,146,-16.399,-71.5364
1430,CASCAS,0,0,1,147,-16.399,-71.5364
1431,LUCMA,0,0,1,147,-16.399,-71.5364
1432,COMPIN,0,0,1,147,-16.399,-71.5364
1433,SAYAPULLO,0,0,1,147,-16.399,-71.5364
1434,VIRU,0,0,1,148,-16.399,-71.5364
1435,CHICLAYO,0,0,1,149,-16.399,-71.5364
1436,CHONGOYAPE,0,0,1,149,-16.399,-71.5364
1437,ETEN,0,0,1,149,-16.399,-71.5364
1438,"ETEN PUERTO",0,0,1,149,-16.399,-71.5364
1439,"JOSE LEONARDO ORTIZ",0,0,1,149,-16.399,-71.5364
1440,"LA VICTORIA",0,0,1,149,-16.399,-71.5364
1441,"LAGUNAS   ",0,0,1,149,-16.399,-71.5364
1442,MONSEFU,0,0,1,149,-16.399,-71.5364
1443,"NUEVA ARICA",0,0,1,149,-16.399,-71.5364
1444,OYOTUN,0,0,1,149,-16.399,-71.5364
1445,PICSI,0,0,1,149,-16.399,-71.5364
1446,PIMENTEL,0,0,1,149,-16.399,-71.5364
1447,REQUE,0,0,1,149,-16.399,-71.5364
1448,"SANTA ROSA",0,0,1,149,-16.399,-71.5364
1449,SAÑA,0,0,1,149,-16.399,-71.5364
1450,CAYALTI,0,0,1,149,-16.399,-71.5364
1451,PATAPO,0,0,1,149,-16.399,-71.5364
1452,POMALCA,0,0,1,149,-16.399,-71.5364
1453,PUCALA,0,0,1,149,-16.399,-71.5364
1454,TUMAN,0,0,1,149,-16.399,-71.5364
1455,FERREÑAFE,0,0,1,150,-16.399,-71.5364
1456,CAÑARIS,0,0,1,150,-16.399,-71.5364
1457,INCAHUASI,0,0,1,150,-16.399,-71.5364
1458,"MANUEL ANTONIO MESONES MURO",0,0,1,150,-16.399,-71.5364
1459,PITIPO,0,0,1,150,-16.399,-71.5364
1460,"PUEBLO NUEVO",0,0,1,150,-16.399,-71.5364
1461,LAMBAYEQUE,0,0,1,151,-16.399,-71.5364
1462,CHOCHOPE,0,0,1,151,-16.399,-71.5364
1463,ILLIMO,0,0,1,151,-16.399,-71.5364
1464,JAYANCA,0,0,1,151,-16.399,-71.5364
1465,MOCHUMI,0,0,1,151,-16.399,-71.5364
1466,MORROPE,0,0,1,151,-16.399,-71.5364
1467,MOTUPE,0,0,1,151,-16.399,-71.5364
1468,OLMOS,0,0,1,151,-16.399,-71.5364
1469,PACORA,0,0,1,151,-16.399,-71.5364
1470,SALAS,0,0,1,151,-16.399,-71.5364
1471,"SAN JOSE",0,0,1,151,-16.399,-71.5364
1472,TUCUME,0,0,1,151,-16.399,-71.5364
1473,LIMA,0,0,1,152,-16.399,-71.5364
1474,ANCON,0,0,1,152,-16.399,-71.5364
1475,ATE,0,0,1,152,-16.399,-71.5364
1476,BARRANCO,0,0,1,152,-16.399,-71.5364
1477,BREÑA,0,0,1,152,-16.399,-71.5364
1478,CARABAYLLO,0,0,1,152,-16.399,-71.5364
1479,CHACLACAYO,0,0,1,152,-16.399,-71.5364
1480,CHORRILLOS,0,0,1,152,-16.399,-71.5364
1481,CIENEGUILLA,0,0,1,152,-16.399,-71.5364
1482,COMAS,0,0,1,152,-16.399,-71.5364
1483,"EL AGUSTINO",0,0,1,152,-16.399,-71.5364
1484,INDEPENDENCIA,0,0,1,152,-16.399,-71.5364
1485,"JESUS MARIA",0,0,1,152,-16.399,-71.5364
1486,"LA MOLINA",0,0,1,152,-16.399,-71.5364
1487,"LA VICTORIA",0,0,1,152,-16.399,-71.5364
1488,LINCE,0,0,1,152,-16.399,-71.5364
1489,"LOS OLIVOS",0,0,1,152,-16.399,-71.5364
1490,LURIGANCHO,0,0,1,152,-16.399,-71.5364
1491,LURIN,0,0,1,152,-16.399,-71.5364
1492,"MAGDALENA DEL MAR",0,0,1,152,-16.399,-71.5364
1493,"PUEBLO LIBRE",0,0,1,152,-16.399,-71.5364
1494,MIRAFLORES,0,0,1,152,-16.399,-71.5364
1495,PACHACAMAC,0,0,1,152,-16.399,-71.5364
1496,PUCUSANA,0,0,1,152,-16.399,-71.5364
1497,"PUENTE PIEDRA",0,0,1,152,-16.399,-71.5364
1498,"PUNTA HERMOSA",0,0,1,152,-16.399,-71.5364
1499,"PUNTA NEGRA",0,0,1,152,-16.399,-71.5364
1500,RIMAC,0,0,1,152,-16.399,-71.5364
1501,"SAN BARTOLO",0,0,1,152,-16.399,-71.5364
1502,"SAN BORJA",0,0,1,152,-16.399,-71.5364
1503,"SAN ISIDRO",0,0,1,152,-16.399,-71.5364
1504,"SAN JUAN DE LURIGANCHO",0,0,1,152,-16.399,-71.5364
1505,"SAN JUAN DE MIRAFLORES",0,0,1,152,-16.399,-71.5364
1506,"SAN LUIS",0,0,1,152,-16.399,-71.5364
1507,"SAN MARTIN DE PORRES",0,0,1,152,-16.399,-71.5364
1508,"SAN MIGUEL",0,0,1,152,-16.399,-71.5364
1509,"SANTA ANITA",0,0,1,152,-16.399,-71.5364
1510,"SANTA MARIA DEL MAR",0,0,1,152,-16.399,-71.5364
1511,"SANTA ROSA",0,0,1,152,-16.399,-71.5364
1512,"SANTIAGO DE SURCO",0,0,1,152,-16.399,-71.5364
1513,SURQUILLO,0,0,1,152,-16.399,-71.5364
1514,"VILLA EL SALVADOR",0,0,1,152,-16.399,-71.5364
1515,"VILLA MARIA DEL TRIUNFO",0,0,1,152,-16.399,-71.5364
1516,BARRANCA,0,0,1,153,-16.399,-71.5364
1517,PARAMONGA,0,0,1,153,-16.399,-71.5364
1518,PATIVILCA,0,0,1,153,-16.399,-71.5364
1519,SUPE,0,0,1,153,-16.399,-71.5364
1520,"SUPE PUERTO",0,0,1,153,-16.399,-71.5364
1521,CAJATAMBO,0,0,1,154,-16.399,-71.5364
1522,COPA,0,0,1,154,-16.399,-71.5364
1523,GORGOR,0,0,1,154,-16.399,-71.5364
1524,HUANCAPON,0,0,1,154,-16.399,-71.5364
1525,MANAS,0,0,1,154,-16.399,-71.5364
1526,CANTA,0,0,1,155,-16.399,-71.5364
1527,ARAHUAY,0,0,1,155,-16.399,-71.5364
1528,HUAMANTANGA,0,0,1,155,-16.399,-71.5364
1529,HUAROS,0,0,1,155,-16.399,-71.5364
1530,LACHAQUI,0,0,1,155,-16.399,-71.5364
1531,"SAN BUENAVENTURA",0,0,1,155,-16.399,-71.5364
1532,"SANTA ROSA DE QUIVES",0,0,1,155,-16.399,-71.5364
1533,"SAN VICENTE DE CAÑETE",0,0,1,156,-16.399,-71.5364
1534,ASIA,0,0,1,156,-16.399,-71.5364
1535,CALANGO,0,0,1,156,-16.399,-71.5364
1536,"CERRO AZUL",0,0,1,156,-16.399,-71.5364
1537,CHILCA,0,0,1,156,-16.399,-71.5364
1538,COAYLLO,0,0,1,156,-16.399,-71.5364
1539,IMPERIAL,0,0,1,156,-16.399,-71.5364
1540,LUNAHUANA,0,0,1,156,-16.399,-71.5364
1541,MALA,0,0,1,156,-16.399,-71.5364
1542,"NUEVO IMPERIAL",0,0,1,156,-16.399,-71.5364
1543,PACARAN,0,0,1,156,-16.399,-71.5364
1544,QUILMANA,0,0,1,156,-16.399,-71.5364
1545,"SAN ANTONIO",0,0,1,156,-16.399,-71.5364
1546,"SAN LUIS",0,0,1,156,-16.399,-71.5364
1547,"SANTA CRUZ DE FLORES",0,0,1,156,-16.399,-71.5364
1548,ZUÑIGA,0,0,1,156,-16.399,-71.5364
1549,HUARAL,0,0,1,157,-16.399,-71.5364
1550,"ATAVILLOS ALTO",0,0,1,157,-16.399,-71.5364
1551,"ATAVILLOS BAJO",0,0,1,157,-16.399,-71.5364
1552,AUCALLAMA,0,0,1,157,-16.399,-71.5364
1553,CHANCAY,0,0,1,157,-16.399,-71.5364
1554,IHUARI,0,0,1,157,-16.399,-71.5364
1555,LAMPIAN,0,0,1,157,-16.399,-71.5364
1556,PACARAOS,0,0,1,157,-16.399,-71.5364
1557,"SAN MIGUEL DE ACOS",0,0,1,157,-16.399,-71.5364
1558,"SANTA CRUZ DE ANDAMARCA",0,0,1,157,-16.399,-71.5364
1559,SUMBILCA,0,0,1,157,-16.399,-71.5364
1560,"VEINTISIETE DE NOVIEMBRE",0,0,1,157,-16.399,-71.5364
1561,MATUCANA,0,0,1,158,-16.399,-71.5364
1562,ANTIOQUIA,0,0,1,158,-16.399,-71.5364
1563,CALLAHUANCA,0,0,1,158,-16.399,-71.5364
1564,CARAMPOMA,0,0,1,158,-16.399,-71.5364
1565,CHICLA,0,0,1,158,-16.399,-71.5364
1566,CUENCA,0,0,1,158,-16.399,-71.5364
1567,HUACHUPAMPA,0,0,1,158,-16.399,-71.5364
1568,HUANZA,0,0,1,158,-16.399,-71.5364
1569,HUAROCHIRI,0,0,1,158,-16.399,-71.5364
1570,LAHUAYTAMBO,0,0,1,158,-16.399,-71.5364
1571,LANGA,0,0,1,158,-16.399,-71.5364
1572,LARAOS,0,0,1,158,-16.399,-71.5364
1573,MARIATANA,0,0,1,158,-16.399,-71.5364
1574,"RICARDO PALMA",0,0,1,158,-16.399,-71.5364
1575,"SAN ANDRES DE TUPICOCHA",0,0,1,158,-16.399,-71.5364
1576,"SAN ANTONIO",0,0,1,158,-16.399,-71.5364
1577,"SAN BARTOLOME",0,0,1,158,-16.399,-71.5364
1578,"SAN DAMIAN",0,0,1,158,-16.399,-71.5364
1579,"SAN JUAN DE IRIS",0,0,1,158,-16.399,-71.5364
1580,"SAN JUAN DE TANTARANCHE",0,0,1,158,-16.399,-71.5364
1581,"SAN LORENZO DE QUINTI",0,0,1,158,-16.399,-71.5364
1582,"SAN MATEO",0,0,1,158,-16.399,-71.5364
1583,"SAN MATEO DE OTAO",0,0,1,158,-16.399,-71.5364
1584,"SAN PEDRO DE CASTA",0,0,1,158,-16.399,-71.5364
1585,"SAN PEDRO DE HUANCAYRE",0,0,1,158,-16.399,-71.5364
1586,SANGALLAYA,0,0,1,158,-16.399,-71.5364
1587,"SANTA CRUZ DE COCACHACRA",0,0,1,158,-16.399,-71.5364
1588,"SANTA EULALIA",0,0,1,158,-16.399,-71.5364
1589,"SANTIAGO DE ANCHUCAYA",0,0,1,158,-16.399,-71.5364
1590,"SANTIAGO DE TUNA",0,0,1,158,-16.399,-71.5364
1591,"SANTO DOMINGO DE LOS OLLEROS",0,0,1,158,-16.399,-71.5364
1592,SURCO,0,0,1,158,-16.399,-71.5364
1593,HUACHO,0,0,1,159,-16.399,-71.5364
1594,AMBAR,0,0,1,159,-16.399,-71.5364
1595,"CALETA DE CARQUIN",0,0,1,159,-16.399,-71.5364
1596,CHECRAS,0,0,1,159,-16.399,-71.5364
1597,HUALMAY,0,0,1,159,-16.399,-71.5364
1598,HUAURA,0,0,1,159,-16.399,-71.5364
1599,"LEONCIO PRADO",0,0,1,159,-16.399,-71.5364
1600,PACCHO,0,0,1,159,-16.399,-71.5364
1601,"SANTA LEONOR",0,0,1,159,-16.399,-71.5364
1602,"SANTA MARIA",0,0,1,159,-16.399,-71.5364
1603,SAYAN,0,0,1,159,-16.399,-71.5364
1604,VEGUETA,0,0,1,159,-16.399,-71.5364
1605,OYON,0,0,1,160,-16.399,-71.5364
1606,ANDAJES,0,0,1,160,-16.399,-71.5364
1607,CAUJUL,0,0,1,160,-16.399,-71.5364
1608,COCHAMARCA,0,0,1,160,-16.399,-71.5364
1609,NAVAN,0,0,1,160,-16.399,-71.5364
1610,PACHANGARA,0,0,1,160,-16.399,-71.5364
1611,YAUYOS,0,0,1,161,-16.399,-71.5364
1612,ALIS,0,0,1,161,-16.399,-71.5364
1613,ALLAUCA,0,0,1,161,-16.399,-71.5364
1614,AYAVIRI,0,0,1,161,-16.399,-71.5364
1615,AZANGARO,0,0,1,161,-16.399,-71.5364
1616,CACRA,0,0,1,161,-16.399,-71.5364
1617,CARANIA,0,0,1,161,-16.399,-71.5364
1618,CATAHUASI,0,0,1,161,-16.399,-71.5364
1619,CHOCOS,0,0,1,161,-16.399,-71.5364
1620,COCHAS,0,0,1,161,-16.399,-71.5364
1621,COLONIA,0,0,1,161,-16.399,-71.5364
1622,HONGOS,0,0,1,161,-16.399,-71.5364
1623,HUAMPARA,0,0,1,161,-16.399,-71.5364
1624,HUANCAYA,0,0,1,161,-16.399,-71.5364
1625,HUANGASCAR,0,0,1,161,-16.399,-71.5364
1626,HUANTAN,0,0,1,161,-16.399,-71.5364
1627,HUAÑEC,0,0,1,161,-16.399,-71.5364
1628,LARAOS,0,0,1,161,-16.399,-71.5364
1629,LINCHA,0,0,1,161,-16.399,-71.5364
1630,MADEAN,0,0,1,161,-16.399,-71.5364
1631,MIRAFLORES,0,0,1,161,-16.399,-71.5364
1632,OMAS,0,0,1,161,-16.399,-71.5364
1633,PUTINZA,0,0,1,161,-16.399,-71.5364
1634,QUINCHES,0,0,1,161,-16.399,-71.5364
1635,QUINOCAY,0,0,1,161,-16.399,-71.5364
1636,"SAN JOAQUIN",0,0,1,161,-16.399,-71.5364
1637,"SAN PEDRO DE PILAS",0,0,1,161,-16.399,-71.5364
1638,TANTA,0,0,1,161,-16.399,-71.5364
1639,TAURIPAMPA,0,0,1,161,-16.399,-71.5364
1640,TOMAS,0,0,1,161,-16.399,-71.5364
1641,TUPE,0,0,1,161,-16.399,-71.5364
1642,VIÑAC,0,0,1,161,-16.399,-71.5364
1643,VITIS,0,0,1,161,-16.399,-71.5364
1644,IQUITOS,0,0,1,162,-16.399,-71.5364
1645,"ALTO NANAY",0,0,1,162,-16.399,-71.5364
1646,"FERNANDO LORES",0,0,1,162,-16.399,-71.5364
1647,INDIANA,0,0,1,162,-16.399,-71.5364
1648,"LAS AMAZONAS",0,0,1,162,-16.399,-71.5364
1649,MAZAN,0,0,1,162,-16.399,-71.5364
1650,NAPO,0,0,1,162,-16.399,-71.5364
1651,PUNCHANA,0,0,1,162,-16.399,-71.5364
1652,"PUTUMAYO    ",0,0,1,162,-16.399,-71.5364
1653,"TORRES CAUSANA",0,0,1,162,-16.399,-71.5364
1654,BELEN,0,0,1,162,-16.399,-71.5364
1655,"SAN JUAN BAUTISTA",0,0,1,162,-16.399,-71.5364
1656,"TENIENTE MANUEL CLAVERO",0,0,1,162,-16.399,-71.5364
1657,YURIMAGUAS,0,0,1,163,-16.399,-71.5364
1658,BALSAPUERTO,0,0,1,163,-16.399,-71.5364
1659,JEBEROS,0,0,1,163,-16.399,-71.5364
1660,LAGUNAS,0,0,1,163,-16.399,-71.5364
1661,"SANTA CRUZ",0,0,1,163,-16.399,-71.5364
1662,"TENIENTE CESAR LOPEZ ROJAS",0,0,1,163,-16.399,-71.5364
1663,NAUTA,0,0,1,164,-16.399,-71.5364
1664,"PARINARI ",0,0,1,164,-16.399,-71.5364
1665,TIGRE,0,0,1,164,-16.399,-71.5364
1666,TROMPETEROS,0,0,1,164,-16.399,-71.5364
1667,URARINAS,0,0,1,164,-16.399,-71.5364
1668,"RAMON CASTILLA",0,0,1,165,-16.399,-71.5364
1669,PEBAS,0,0,1,165,-16.399,-71.5364
1670,"YAVARI  /1",0,0,1,165,-16.399,-71.5364
1671,"SAN PABLO",0,0,1,165,-16.399,-71.5364
1672,REQUENA,0,0,1,166,-16.399,-71.5364
1673,"ALTO TAPICHE",0,0,1,166,-16.399,-71.5364
1674,CAPELO,0,0,1,166,-16.399,-71.5364
1675,"EMILIO SAN MARTIN",0,0,1,166,-16.399,-71.5364
1676,MAQUIA,0,0,1,166,-16.399,-71.5364
1677,PUINAHUA,0,0,1,166,-16.399,-71.5364
1678,SAQUENA,0,0,1,166,-16.399,-71.5364
1679,SOPLIN,0,0,1,166,-16.399,-71.5364
1680,TAPICHE,0,0,1,166,-16.399,-71.5364
1681,"JENARO HERRERA",0,0,1,166,-16.399,-71.5364
1682,"YAQUERANA    ",0,0,1,166,-16.399,-71.5364
1683,CONTAMANA,0,0,1,167,-16.399,-71.5364
1684,INAHUAYA,0,0,1,167,-16.399,-71.5364
1685,"PADRE MARQUEZ",0,0,1,167,-16.399,-71.5364
1686,"PAMPA HERMOSA",0,0,1,167,-16.399,-71.5364
1687,SARAYACU,0,0,1,167,-16.399,-71.5364
1688,"VARGAS GUERRA",0,0,1,167,-16.399,-71.5364
1689,BARRANCA,0,0,1,168,-16.399,-71.5364
1690,CAHUAPANAS,0,0,1,168,-16.399,-71.5364
1691,MANSERICHE,0,0,1,168,-16.399,-71.5364
1692,MORONA,0,0,1,168,-16.399,-71.5364
1693,PASTAZA,0,0,1,168,-16.399,-71.5364
1694,ANDOAS,0,0,1,168,-16.399,-71.5364
1695,TAMBOPATA,0,0,1,169,-16.399,-71.5364
1696,INAMBARI,0,0,1,169,-16.399,-71.5364
1697,"LAS PIEDRAS",0,0,1,169,-16.399,-71.5364
1698,LABERINTO,0,0,1,169,-16.399,-71.5364
1699,MANU,0,0,1,170,-16.399,-71.5364
1700,FITZCARRALD,0,0,1,170,-16.399,-71.5364
1701,"MADRE DE DIOS",0,0,1,170,-16.399,-71.5364
1702,HUEPETUHE,0,0,1,170,-16.399,-71.5364
1703,IÑAPARI,0,0,1,171,-16.399,-71.5364
1704,IBERIA,0,0,1,171,-16.399,-71.5364
1705,TAHUAMANU,0,0,1,171,-16.399,-71.5364
1706,MOQUEGUA,0,0,1,172,-16.399,-71.5364
1707,CARUMAS,0,0,1,172,-16.399,-71.5364
1708,CUCHUMBAYA,0,0,1,172,-16.399,-71.5364
1709,SAMEGUA,0,0,1,172,-16.399,-71.5364
1710,"SAN CRISTOBAL",0,0,1,172,-16.399,-71.5364
1711,TORATA,0,0,1,172,-16.399,-71.5364
1712,OMATE,0,0,1,173,-16.399,-71.5364
1713,CHOJATA,0,0,1,173,-16.399,-71.5364
1714,COALAQUE,0,0,1,173,-16.399,-71.5364
1715,ICHUÑA,0,0,1,173,-16.399,-71.5364
1716,"LA CAPILLA",0,0,1,173,-16.399,-71.5364
1717,LLOQUE,0,0,1,173,-16.399,-71.5364
1718,MATALAQUE,0,0,1,173,-16.399,-71.5364
1719,PUQUINA,0,0,1,173,-16.399,-71.5364
1720,QUINISTAQUILLAS,0,0,1,173,-16.399,-71.5364
1721,UBINAS,0,0,1,173,-16.399,-71.5364
1722,YUNGA,0,0,1,173,-16.399,-71.5364
1723,ILO,0,0,1,174,-16.399,-71.5364
1724,"EL ALGARROBAL",0,0,1,174,-16.399,-71.5364
1725,PACOCHA,0,0,1,174,-16.399,-71.5364
1726,CHAUPIMARCA,0,0,1,175,-16.399,-71.5364
1727,HUACHON,0,0,1,175,-16.399,-71.5364
1728,HUARIACA,0,0,1,175,-16.399,-71.5364
1729,HUAYLLAY,0,0,1,175,-16.399,-71.5364
1730,NINACACA,0,0,1,175,-16.399,-71.5364
1731,PALLANCHACRA,0,0,1,175,-16.399,-71.5364
1732,PAUCARTAMBO,0,0,1,175,-16.399,-71.5364
1733,"SAN FCO DE ASIS DE YARUSYACAN",0,0,1,175,-16.399,-71.5364
1734,"SIMON BOLIVAR",0,0,1,175,-16.399,-71.5364
1735,TICLACAYAN,0,0,1,175,-16.399,-71.5364
1736,TINYAHUARCO,0,0,1,175,-16.399,-71.5364
1737,VICCO,0,0,1,175,-16.399,-71.5364
1738,YANACANCHA,0,0,1,175,-16.399,-71.5364
1739,YANAHUANCA,0,0,1,176,-16.399,-71.5364
1740,CHACAYAN,0,0,1,176,-16.399,-71.5364
1741,GOYLLARISQUIZGA,0,0,1,176,-16.399,-71.5364
1742,PAUCAR,0,0,1,176,-16.399,-71.5364
1743,"SAN PEDRO DE PILLAO",0,0,1,176,-16.399,-71.5364
1744,"SANTA ANA DE TUSI",0,0,1,176,-16.399,-71.5364
1745,TAPUC,0,0,1,176,-16.399,-71.5364
1746,VILCABAMBA,0,0,1,176,-16.399,-71.5364
1747,OXAPAMPA,0,0,1,177,-16.399,-71.5364
1748,CHONTABAMBA,0,0,1,177,-16.399,-71.5364
1749,HUANCABAMBA,0,0,1,177,-16.399,-71.5364
1750,PALCAZU,0,0,1,177,-16.399,-71.5364
1751,POZUZO,0,0,1,177,-16.399,-71.5364
1752,"PUERTO BERMUDEZ",0,0,1,177,-16.399,-71.5364
1753,"VILLA RICA",0,0,1,177,-16.399,-71.5364
1754,PIURA,0,0,1,178,-16.399,-71.5364
1755,CASTILLA,0,0,1,178,-16.399,-71.5364
1756,CATACAOS,0,0,1,178,-16.399,-71.5364
1757,"CURA MORI",0,0,1,178,-16.399,-71.5364
1758,"EL TALLAN",0,0,1,178,-16.399,-71.5364
1759,"LA ARENA",0,0,1,178,-16.399,-71.5364
1760,"LA UNION",0,0,1,178,-16.399,-71.5364
1761,"LAS LOMAS",0,0,1,178,-16.399,-71.5364
1762,"TAMBO GRANDE",0,0,1,178,-16.399,-71.5364
1763,AYABACA,0,0,1,179,-16.399,-71.5364
1764,FRIAS,0,0,1,179,-16.399,-71.5364
1765,JILILI,0,0,1,179,-16.399,-71.5364
1766,LAGUNAS,0,0,1,179,-16.399,-71.5364
1767,MONTERO,0,0,1,179,-16.399,-71.5364
1768,PACAIPAMPA,0,0,1,179,-16.399,-71.5364
1769,PAIMAS,0,0,1,179,-16.399,-71.5364
1770,SAPILLICA,0,0,1,179,-16.399,-71.5364
1771,SICCHEZ,0,0,1,179,-16.399,-71.5364
1772,SUYO,0,0,1,179,-16.399,-71.5364
1773,HUANCABAMBA,0,0,1,180,-16.399,-71.5364
1774,CANCHAQUE,0,0,1,180,-16.399,-71.5364
1775,"EL CARMEN DE LA FRONTERA",0,0,1,180,-16.399,-71.5364
1776,HUARMACA,0,0,1,180,-16.399,-71.5364
1777,LALAQUIZ,0,0,1,180,-16.399,-71.5364
1778,"SAN MIGUEL DE EL FAIQUE",0,0,1,180,-16.399,-71.5364
1779,SONDOR,0,0,1,180,-16.399,-71.5364
1780,SONDORILLO,0,0,1,180,-16.399,-71.5364
1781,CHULUCANAS,0,0,1,181,-16.399,-71.5364
1782,"BUENOS AIRES",0,0,1,181,-16.399,-71.5364
1783,CHALACO,0,0,1,181,-16.399,-71.5364
1784,"LA MATANZA",0,0,1,181,-16.399,-71.5364
1785,MORROPON,0,0,1,181,-16.399,-71.5364
1786,SALITRAL,0,0,1,181,-16.399,-71.5364
1787,"SAN JUAN DE BIGOTE",0,0,1,181,-16.399,-71.5364
1788,"SANTA CATALINA DE MOSSA",0,0,1,181,-16.399,-71.5364
1789,"SANTO DOMINGO",0,0,1,181,-16.399,-71.5364
1790,YAMANGO,0,0,1,181,-16.399,-71.5364
1791,PAITA,0,0,1,182,-16.399,-71.5364
1792,AMOTAPE,0,0,1,182,-16.399,-71.5364
1793,ARENAL,0,0,1,182,-16.399,-71.5364
1794,COLAN,0,0,1,182,-16.399,-71.5364
1795,"LA HUACA",0,0,1,182,-16.399,-71.5364
1796,TAMARINDO,0,0,1,182,-16.399,-71.5364
1797,VICHAYAL,0,0,1,182,-16.399,-71.5364
1798,SULLANA,0,0,1,183,-16.399,-71.5364
1799,BELLAVISTA,0,0,1,183,-16.399,-71.5364
1800,"IGNACIO ESCUDERO",0,0,1,183,-16.399,-71.5364
1801,LANCONES,0,0,1,183,-16.399,-71.5364
1802,MARCAVELICA,0,0,1,183,-16.399,-71.5364
1803,"MIGUEL CHECA",0,0,1,183,-16.399,-71.5364
1804,QUERECOTILLO,0,0,1,183,-16.399,-71.5364
1805,SALITRAL,0,0,1,183,-16.399,-71.5364
1806,PARIÑAS,0,0,1,184,-16.399,-71.5364
1807,"EL ALTO",0,0,1,184,-16.399,-71.5364
1808,"LA BREA",0,0,1,184,-16.399,-71.5364
1809,LOBITOS,0,0,1,184,-16.399,-71.5364
1810,"LOS ORGANOS",0,0,1,184,-16.399,-71.5364
1811,MANCORA,0,0,1,184,-16.399,-71.5364
1812,SECHURA,0,0,1,185,-16.399,-71.5364
1813,"BELLAVISTA DE LA UNION",0,0,1,185,-16.399,-71.5364
1814,BERNAL,0,0,1,185,-16.399,-71.5364
1815,"CRISTO NOS VALGA",0,0,1,185,-16.399,-71.5364
1816,VICE,0,0,1,185,-16.399,-71.5364
1817,"RINCONADA LLICUAR",0,0,1,185,-16.399,-71.5364
1818,PUNO,0,0,1,186,-16.399,-71.5364
1819,ACORA,0,0,1,186,-16.399,-71.5364
1820,AMANTANI,0,0,1,186,-16.399,-71.5364
1821,ATUNCOLLA,0,0,1,186,-16.399,-71.5364
1822,CAPACHICA,0,0,1,186,-16.399,-71.5364
1823,CHUCUITO,0,0,1,186,-16.399,-71.5364
1824,COATA,0,0,1,186,-16.399,-71.5364
1825,HUATA,0,0,1,186,-16.399,-71.5364
1826,MAÑAZO,0,0,1,186,-16.399,-71.5364
1827,PAUCARCOLLA,0,0,1,186,-16.399,-71.5364
1828,PICHACANI,0,0,1,186,-16.399,-71.5364
1829,PLATERIA,0,0,1,186,-16.399,-71.5364
1830,"SAN ANTONIO  /1",0,0,1,186,-16.399,-71.5364
1831,TIQUILLACA,0,0,1,186,-16.399,-71.5364
1832,VILQUE,0,0,1,186,-16.399,-71.5364
1833,AZANGARO,0,0,1,187,-16.399,-71.5364
1834,ACHAYA,0,0,1,187,-16.399,-71.5364
1835,ARAPA,0,0,1,187,-16.399,-71.5364
1836,ASILLO,0,0,1,187,-16.399,-71.5364
1837,CAMINACA,0,0,1,187,-16.399,-71.5364
1838,CHUPA,0,0,1,187,-16.399,-71.5364
1839,"JOSE DOMINGO CHOQUEHUANCA",0,0,1,187,-16.399,-71.5364
1840,MUÑANI,0,0,1,187,-16.399,-71.5364
1841,POTONI,0,0,1,187,-16.399,-71.5364
1842,SAMAN,0,0,1,187,-16.399,-71.5364
1843,"SAN ANTON",0,0,1,187,-16.399,-71.5364
1844,"SAN JOSE",0,0,1,187,-16.399,-71.5364
1845,"SAN JUAN DE SALINAS",0,0,1,187,-16.399,-71.5364
1846,"SANTIAGO DE PUPUJA",0,0,1,187,-16.399,-71.5364
1847,TIRAPATA,0,0,1,187,-16.399,-71.5364
1848,MACUSANI,0,0,1,188,-16.399,-71.5364
1849,AJOYANI,0,0,1,188,-16.399,-71.5364
1850,AYAPATA,0,0,1,188,-16.399,-71.5364
1851,COASA,0,0,1,188,-16.399,-71.5364
1852,CORANI,0,0,1,188,-16.399,-71.5364
1853,CRUCERO,0,0,1,188,-16.399,-71.5364
1854,"ITUATA   2/",0,0,1,188,-16.399,-71.5364
1855,OLLACHEA,0,0,1,188,-16.399,-71.5364
1856,"SAN GABAN",0,0,1,188,-16.399,-71.5364
1857,USICAYOS,0,0,1,188,-16.399,-71.5364
1858,JULI,0,0,1,189,-16.399,-71.5364
1859,DESAGUADERO,0,0,1,189,-16.399,-71.5364
1860,HUACULLANI,0,0,1,189,-16.399,-71.5364
1861,KELLUYO,0,0,1,189,-16.399,-71.5364
1862,PISACOMA,0,0,1,189,-16.399,-71.5364
1863,POMATA,0,0,1,189,-16.399,-71.5364
1864,ZEPITA,0,0,1,189,-16.399,-71.5364
1865,ILAVE,0,0,1,190,-16.399,-71.5364
1866,CAPAZO,0,0,1,190,-16.399,-71.5364
1867,PILCUYO,0,0,1,190,-16.399,-71.5364
1868,"SANTA ROSA",0,0,1,190,-16.399,-71.5364
1869,CONDURIRI,0,0,1,190,-16.399,-71.5364
1870,HUANCANE,0,0,1,191,-16.399,-71.5364
1871,COJATA,0,0,1,191,-16.399,-71.5364
1872,HUATASANI,0,0,1,191,-16.399,-71.5364
1873,INCHUPALLA,0,0,1,191,-16.399,-71.5364
1874,PUSI,0,0,1,191,-16.399,-71.5364
1875,ROSASPATA,0,0,1,191,-16.399,-71.5364
1876,TARACO,0,0,1,191,-16.399,-71.5364
1877,"VILQUE CHICO",0,0,1,191,-16.399,-71.5364
1878,LAMPA,0,0,1,192,-16.399,-71.5364
1879,CABANILLA,0,0,1,192,-16.399,-71.5364
1880,CALAPUJA,0,0,1,192,-16.399,-71.5364
1881,NICASIO,0,0,1,192,-16.399,-71.5364
1882,OCUVIRI,0,0,1,192,-16.399,-71.5364
1883,PALCA,0,0,1,192,-16.399,-71.5364
1884,PARATIA,0,0,1,192,-16.399,-71.5364
1885,PUCARA,0,0,1,192,-16.399,-71.5364
1886,"SANTA LUCIA",0,0,1,192,-16.399,-71.5364
1887,VILAVILA,0,0,1,192,-16.399,-71.5364
1888,AYAVIRI,0,0,1,193,-16.399,-71.5364
1889,ANTAUTA,0,0,1,193,-16.399,-71.5364
1890,CUPI,0,0,1,193,-16.399,-71.5364
1891,LLALLI,0,0,1,193,-16.399,-71.5364
1892,MACARI,0,0,1,193,-16.399,-71.5364
1893,NUÑOA,0,0,1,193,-16.399,-71.5364
1894,ORURILLO,0,0,1,193,-16.399,-71.5364
1895,"SANTA ROSA",0,0,1,193,-16.399,-71.5364
1896,UMACHIRI,0,0,1,193,-16.399,-71.5364
1897,MOHO,0,0,1,194,-16.399,-71.5364
1898,CONIMA,0,0,1,194,-16.399,-71.5364
1899,HUAYRAPATA,0,0,1,194,-16.399,-71.5364
1900,TILALI,0,0,1,194,-16.399,-71.5364
1901,PUTINA,0,0,1,195,-16.399,-71.5364
1902,ANANEA,0,0,1,195,-16.399,-71.5364
1903,"PEDRO VILCA APAZA",0,0,1,195,-16.399,-71.5364
1904,QUILCAPUNCU,0,0,1,195,-16.399,-71.5364
1905,SINA,0,0,1,195,-16.399,-71.5364
1906,JULIACA,0,0,1,196,-16.399,-71.5364
1907,CABANA,0,0,1,196,-16.399,-71.5364
1908,CABANILLAS,0,0,1,196,-16.399,-71.5364
1909,CARACOTO,0,0,1,196,-16.399,-71.5364
1910,SANDIA,0,0,1,197,-16.399,-71.5364
1911,CUYOCUYO,0,0,1,197,-16.399,-71.5364
1912,LIMBANI,0,0,1,197,-16.399,-71.5364
1913,PATAMBUCO,0,0,1,197,-16.399,-71.5364
1914,PHARA,0,0,1,197,-16.399,-71.5364
1915,QUIACA,0,0,1,197,-16.399,-71.5364
1916,"SAN JUAN DEL ORO",0,0,1,197,-16.399,-71.5364
1917,YANAHUAYA,0,0,1,197,-16.399,-71.5364
1918,"ALTO INAMBARI",0,0,1,197,-16.399,-71.5364
1919,"SAN PEDRO DE PUTINA PUNCO",0,0,1,197,-16.399,-71.5364
1920,YUNGUYO,0,0,1,198,-16.399,-71.5364
1921,ANAPIA,0,0,1,198,-16.399,-71.5364
1922,COPANI,0,0,1,198,-16.399,-71.5364
1923,CUTURAPI,0,0,1,198,-16.399,-71.5364
1924,OLLARAYA,0,0,1,198,-16.399,-71.5364
1925,TINICACHI,0,0,1,198,-16.399,-71.5364
1926,UNICACHI,0,0,1,198,-16.399,-71.5364
1927,MOYOBAMBA,0,0,1,199,-16.399,-71.5364
1928,CALZADA,0,0,1,199,-16.399,-71.5364
1929,HABANA,0,0,1,199,-16.399,-71.5364
1930,JEPELACIO,0,0,1,199,-16.399,-71.5364
1931,SORITOR,0,0,1,199,-16.399,-71.5364
1932,YANTALO,0,0,1,199,-16.399,-71.5364
1933,BELLAVISTA,0,0,1,200,-16.399,-71.5364
1934,"ALTO BIAVO",0,0,1,200,-16.399,-71.5364
1935,"BAJO BIAVO",0,0,1,200,-16.399,-71.5364
1936,HUALLAGA,0,0,1,200,-16.399,-71.5364
1937,"SAN PABLO",0,0,1,200,-16.399,-71.5364
1938,"SAN RAFAEL",0,0,1,200,-16.399,-71.5364
1939,"SAN JOSE DE SISA",0,0,1,201,-16.399,-71.5364
1940,"AGUA BLANCA",0,0,1,201,-16.399,-71.5364
1941,"SAN MARTIN",0,0,1,201,-16.399,-71.5364
1942,"SANTA ROSA",0,0,1,201,-16.399,-71.5364
1943,SHATOJA,0,0,1,201,-16.399,-71.5364
1944,SAPOSOA,0,0,1,202,-16.399,-71.5364
1945,"ALTO SAPOSOA",0,0,1,202,-16.399,-71.5364
1946,"EL ESLABON",0,0,1,202,-16.399,-71.5364
1947,PISCOYACU,0,0,1,202,-16.399,-71.5364
1948,SACANCHE,0,0,1,202,-16.399,-71.5364
1949,"TINGO DE SAPOSOA",0,0,1,202,-16.399,-71.5364
1950,LAMAS,0,0,1,203,-16.399,-71.5364
1951,"ALONSO DE ALVARADO",0,0,1,203,-16.399,-71.5364
1952,BARRANQUITA,0,0,1,203,-16.399,-71.5364
1953,"CAYNARACHI  ",0,0,1,203,-16.399,-71.5364
1954,CUÑUMBUQUI,0,0,1,203,-16.399,-71.5364
1955,"PINTO RECODO",0,0,1,203,-16.399,-71.5364
1956,RUMISAPA,0,0,1,203,-16.399,-71.5364
1957,"SAN ROQUE DE CUMBAZA",0,0,1,203,-16.399,-71.5364
1958,SHANAO,0,0,1,203,-16.399,-71.5364
1959,TABALOSOS,0,0,1,203,-16.399,-71.5364
1960,ZAPATERO,0,0,1,203,-16.399,-71.5364
1961,JUANJUI,0,0,1,204,-16.399,-71.5364
1962,CAMPANILLA,0,0,1,204,-16.399,-71.5364
1963,HUICUNGO,0,0,1,204,-16.399,-71.5364
1964,PACHIZA,0,0,1,204,-16.399,-71.5364
1965,PAJARILLO,0,0,1,204,-16.399,-71.5364
1966,PICOTA,0,0,1,205,-16.399,-71.5364
1967,"BUENOS AIRES",0,0,1,205,-16.399,-71.5364
1968,CASPISAPA,0,0,1,205,-16.399,-71.5364
1969,PILLUANA,0,0,1,205,-16.399,-71.5364
1970,PUCACACA,0,0,1,205,-16.399,-71.5364
1971,"SAN CRISTOBAL",0,0,1,205,-16.399,-71.5364
1972,"SAN HILARION",0,0,1,205,-16.399,-71.5364
1973,SHAMBOYACU,0,0,1,205,-16.399,-71.5364
1974,"TINGO DE PONASA",0,0,1,205,-16.399,-71.5364
1975,"TRES UNIDOS",0,0,1,205,-16.399,-71.5364
1976,RIOJA,0,0,1,206,-16.399,-71.5364
1977,AWAJUN,0,0,1,206,-16.399,-71.5364
1978,"ELIAS SOPLIN VARGAS",0,0,1,206,-16.399,-71.5364
1979,"NUEVA CAJAMARCA",0,0,1,206,-16.399,-71.5364
1980,"PARDO MIGUEL",0,0,1,206,-16.399,-71.5364
1981,POSIC,0,0,1,206,-16.399,-71.5364
1982,"SAN FERNANDO",0,0,1,206,-16.399,-71.5364
1983,YORONGOS,0,0,1,206,-16.399,-71.5364
1984,YURACYACU,0,0,1,206,-16.399,-71.5364
1985,TARAPOTO,0,0,1,207,-16.399,-71.5364
1986,"ALBERTO LEVEAU",0,0,1,207,-16.399,-71.5364
1987,CACATACHI,0,0,1,207,-16.399,-71.5364
1988,CHAZUTA,0,0,1,207,-16.399,-71.5364
1989,CHIPURANA,0,0,1,207,-16.399,-71.5364
1990,"EL PORVENIR",0,0,1,207,-16.399,-71.5364
1991,HUIMBAYOC,0,0,1,207,-16.399,-71.5364
1992,"JUAN GUERRA",0,0,1,207,-16.399,-71.5364
1993,"LA BANDA DE SHILCAYO",0,0,1,207,-16.399,-71.5364
1994,MORALES,0,0,1,207,-16.399,-71.5364
1995,PAPAPLAYA,0,0,1,207,-16.399,-71.5364
1996,"SAN ANTONIO",0,0,1,207,-16.399,-71.5364
1997,SAUCE,0,0,1,207,-16.399,-71.5364
1998,SHAPAJA,0,0,1,207,-16.399,-71.5364
1999,TOCACHE,0,0,1,208,-16.399,-71.5364
2000,"NUEVO PROGRESO",0,0,1,208,-16.399,-71.5364
2001,POLVORA,0,0,1,208,-16.399,-71.5364
2002,"SHUNTE ",0,0,1,208,-16.399,-71.5364
2003,UCHIZA,0,0,1,208,-16.399,-71.5364
2004,TACNA,0,0,1,2009,-16.399,-71.5364
2005,"ALTO DE LA ALIANZA",0,0,1,2009,-16.399,-71.5364
2006,CALANA,0,0,1,2009,-16.399,-71.5364
2007,"CIUDAD NUEVA",0,0,1,2009,-16.399,-71.5364
2008,INCLAN,0,0,1,2009,-16.399,-71.5364
2009,PACHIA,0,0,1,2009,-16.399,-71.5364
2010,PALCA,0,0,1,2009,-16.399,-71.5364
2011,POCOLLAY,0,0,1,2009,-16.399,-71.5364
2012,SAMA,0,0,1,2009,-16.399,-71.5364
2013,"CNEL. GREGORIO ALBARRACIN",0,0,1,2009,-16.399,-71.5364
2014,CANDARAVE,0,0,1,210,-16.399,-71.5364
2015,CAIRANI,0,0,1,210,-16.399,-71.5364
2016,CAMILACA,0,0,1,210,-16.399,-71.5364
2017,CURIBAYA,0,0,1,210,-16.399,-71.5364
2018,HUANUARA,0,0,1,210,-16.399,-71.5364
2019,QUILAHUANI,0,0,1,210,-16.399,-71.5364
2020,LOCUMBA,0,0,1,211,-16.399,-71.5364
2021,ILABAYA,0,0,1,211,-16.399,-71.5364
2022,ITE,0,0,1,211,-16.399,-71.5364
2023,TARATA,0,0,1,212,-16.399,-71.5364
2024,"HEROES ALBARRACIN",0,0,1,212,-16.399,-71.5364
2025,ESTIQUE,0,0,1,212,-16.399,-71.5364
2026,ESTIQUE-PAMPA,0,0,1,212,-16.399,-71.5364
2027,SITAJARA,0,0,1,212,-16.399,-71.5364
2028,SUSAPAYA,0,0,1,212,-16.399,-71.5364
2029,TARUCACHI,0,0,1,212,-16.399,-71.5364
2030,TICACO,0,0,1,212,-16.399,-71.5364
2031,TUMBES,0,0,1,213,-16.399,-71.5364
2032,CORRALES,0,0,1,213,-16.399,-71.5364
2033,"LA CRUZ",0,0,1,213,-16.399,-71.5364
2034,"PAMPAS DE HOSPITAL",0,0,1,213,-16.399,-71.5364
2035,"SAN JACINTO",0,0,1,213,-16.399,-71.5364
2036,"SAN JUAN DE LA VIRGEN",0,0,1,213,-16.399,-71.5364
2037,ZORRITOS,0,0,1,214,-16.399,-71.5364
2038,CASITAS,0,0,1,214,-16.399,-71.5364
2039,"CANOAS DE PUNTA SAL",0,0,1,214,-16.399,-71.5364
2040,ZARUMILLA,0,0,1,215,-16.399,-71.5364
2041,"AGUAS VERDES",0,0,1,215,-16.399,-71.5364
2042,MATAPALO,0,0,1,215,-16.399,-71.5364
2043,PAPAYAL,0,0,1,215,-16.399,-71.5364
2044,CALLERIA,0,0,1,216,-16.399,-71.5364
2045,CAMPOVERDE,0,0,1,216,-16.399,-71.5364
2046,IPARIA,0,0,1,216,-16.399,-71.5364
2047,MASISEA,0,0,1,216,-16.399,-71.5364
2048,YARINACOCHA,0,0,1,216,-16.399,-71.5364
2049,"NUEVA REQUENA",0,0,1,216,-16.399,-71.5364
2050,MANANTAY,0,0,1,216,-16.399,-71.5364
2051,RAYMONDI,0,0,1,217,-16.399,-71.5364
2052,SEPAHUA,0,0,1,217,-16.399,-71.5364
2053,TAHUANIA,0,0,1,217,-16.399,-71.5364
2054,YURUA,0,0,1,217,-16.399,-71.5364
2055,"PADRE ABAD",0,0,1,218,-16.399,-71.5364
2056,IRAZOLA,0,0,1,218,-16.399,-71.5364
2057,CURIMANA,0,0,1,218,-16.399,-71.5364
2058,PURUS,0,0,1,219,-16.399,-71.5364
2059,CALLAO,0,0,1,220,-16.399,-71.5364
2060,BELLAVISTA,0,0,1,220,-16.399,-71.5364
2061,"CARMEN DE LA LEGUA REYNOSO",0,0,1,220,-16.399,-71.5364
2062,"LA PERLA",0,0,1,220,-16.399,-71.5364
2063,"LA PUNTA",0,0,1,220,-16.399,-71.5364
2064,VENTANILLA,0,0,1,220,-16.399,-71.5364
